,market_comparison,Shift,Correlation
0,binance-futures/SOLUSDT - binance/SOLUSDT,-20,0.009110189132500853
1,binance-futures/SOLUSDT - binance/SOLUSDT,-19,-0.019206315852023398
2,binance-futures/SOLUSDT - binance/SOLUSDT,-18,-0.02176825420673566
3,binance-futures/SOLUSDT - binance/SOLUSDT,-17,0.006711230258484848
4,binance-futures/SOLUSDT - binance/SOLUSDT,-16,0.021703661821115515
5,binance-futures/SOLUSDT - binance/SOLUSDT,-15,0.024273100578362773
6,binance-futures/SOLUSDT - binance/SOLUSDT,-14,0.013631083800735806
7,binance-futures/SOLUSDT - binance/SOLUSDT,-13,-0.01682983292002602
8,binance-futures/SOLUSDT - binance/SOLUSDT,-12,0.009294879406130137
9,binance-futures/SOLUSDT - binance/SOLUSDT,-11,0.01663757495785517
10,binance-futures/SOLUSDT - binance/SOLUSDT,-10,0.010951455070404122
11,binance-futures/SOLUSDT - binance/SOLUSDT,-9,-0.008358407330821188
12,binance-futures/SOLUSDT - binance/SOLUSDT,-8,-0.0374724047541331
13,binance-futures/SOLUSDT - binance/SOLUSDT,-7,-0.028262413512780103
14,binance-futures/SOLUSDT - binance/SOLUSDT,-6,-0.04399556039526293
15,binance-futures/SOLUSDT - binance/SOLUSDT,-5,-0.010201574655251922
16,binance-futures/SOLUSDT - binance/SOLUSDT,-4,-0.0007400343061243956
17,binance-futures/SOLUSDT - binance/SOLUSDT,-3,-0.008312375998907157
18,binance-futures/SOLUSDT - binance/SOLUSDT,-2,-0.027035729401206854
19,binance-futures/SOLUSDT - binance/SOLUSDT,-1,0.17800356917075397
20,binance-futures/SOLUSDT - binance/SOLUSDT,0,0.8546515171641046
21,binance-futures/SOLUSDT - binance/SOLUSDT,1,0.23537484756030333
22,binance-futures/SOLUSDT - binance/SOLUSDT,2,-0.00040269870155145246
23,binance-futures/SOLUSDT - binance/SOLUSDT,3,-0.005091028425096351
24,binance-futures/SOLUSDT - binance/SOLUSDT,4,0.01569158245101318
25,binance-futures/SOLUSDT - binance/SOLUSDT,5,0.025093818861716067
26,binance-futures/SOLUSDT - binance/SOLUSDT,6,-0.021978110004842965
27,binance-futures/SOLUSDT - binance/SOLUSDT,7,-0.02914840332271575
28,binance-futures/SOLUSDT - binance/SOLUSDT,8,-0.04524708610666395
29,binance-futures/SOLUSDT - binance/SOLUSDT,9,-0.021053197513529184
30,binance-futures/SOLUSDT - binance/SOLUSDT,10,0.010655610880486124
31,binance-futures/SOLUSDT - binance/SOLUSDT,11,0.01041790853681517
32,binance-futures/SOLUSDT - binance/SOLUSDT,12,0.006799293382226562
33,binance-futures/SOLUSDT - binance/SOLUSDT,13,-0.016750917636675224
34,binance-futures/SOLUSDT - binance/SOLUSDT,14,0.0070742332569537205
35,binance-futures/SOLUSDT - binance/SOLUSDT,15,0.010775253400395113
36,binance-futures/SOLUSDT - binance/SOLUSDT,16,0.0031179458857150035
37,binance-futures/SOLUSDT - binance/SOLUSDT,17,0.00639973795859814
38,binance-futures/SOLUSDT - binance/SOLUSDT,18,-0.002341240649462165
39,binance-futures/SOLUSDT - binance/SOLUSDT,19,-0.01020135625955536
40,binance-futures/SOLUSDT - binance/SOLUSDT,20,-0.0006767064362854783
41,binance-futures/SOLUSDT - bitstamp/SOLUSD,-20,-0.02035004730975884
42,binance-futures/SOLUSDT - bitstamp/SOLUSD,-19,0.017961418930188017
43,binance-futures/SOLUSDT - bitstamp/SOLUSD,-18,0.0023203550074891895
44,binance-futures/SOLUSDT - bitstamp/SOLUSD,-17,0.016798103408783575
45,binance-futures/SOLUSDT - bitstamp/SOLUSD,-16,-0.009901755307360956
46,binance-futures/SOLUSDT - bitstamp/SOLUSD,-15,0.0010496423249729914
47,binance-futures/SOLUSDT - bitstamp/SOLUSD,-14,0.011642765237537791
48,binance-futures/SOLUSDT - bitstamp/SOLUSD,-13,0.008197499094488142
49,binance-futures/SOLUSDT - bitstamp/SOLUSD,-12,-0.015140257549810526
50,binance-futures/SOLUSDT - bitstamp/SOLUSD,-11,-0.0036622111363636533
51,binance-futures/SOLUSDT - bitstamp/SOLUSD,-10,0.008129652767665602
52,binance-futures/SOLUSDT - bitstamp/SOLUSD,-9,0.0073929346488154045
53,binance-futures/SOLUSDT - bitstamp/SOLUSD,-8,-0.014258367943456654
54,binance-futures/SOLUSDT - bitstamp/SOLUSD,-7,-0.011245046636431189
55,binance-futures/SOLUSDT - bitstamp/SOLUSD,-6,-0.020766856607452804
56,binance-futures/SOLUSDT - bitstamp/SOLUSD,-5,0.001954909094088333
57,binance-futures/SOLUSDT - bitstamp/SOLUSD,-4,0.014393584875286915
58,binance-futures/SOLUSDT - bitstamp/SOLUSD,-3,-1.7147269676559614e-05
59,binance-futures/SOLUSDT - bitstamp/SOLUSD,-2,-0.03410049073566644
60,binance-futures/SOLUSDT - bitstamp/SOLUSD,-1,0.08690250541346818
61,binance-futures/SOLUSDT - bitstamp/SOLUSD,0,0.21509470148002363
62,binance-futures/SOLUSDT - bitstamp/SOLUSD,1,0.09334702061950333
63,binance-futures/SOLUSDT - bitstamp/SOLUSD,2,-0.015607250584844667
64,binance-futures/SOLUSDT - bitstamp/SOLUSD,3,0.03193330511682441
65,binance-futures/SOLUSDT - bitstamp/SOLUSD,4,0.010941104027986108
66,binance-futures/SOLUSDT - bitstamp/SOLUSD,5,-0.010973562664973548
67,binance-futures/SOLUSDT - bitstamp/SOLUSD,6,0.008887991927432492
68,binance-futures/SOLUSDT - bitstamp/SOLUSD,7,-0.03459062760011222
69,binance-futures/SOLUSDT - bitstamp/SOLUSD,8,-0.0015879118802458298
70,binance-futures/SOLUSDT - bitstamp/SOLUSD,9,-0.014782286896834054
71,binance-futures/SOLUSDT - bitstamp/SOLUSD,10,0.01357196620722921
72,binance-futures/SOLUSDT - bitstamp/SOLUSD,11,-0.00651384167948918
73,binance-futures/SOLUSDT - bitstamp/SOLUSD,12,0.01822418336246816
74,binance-futures/SOLUSDT - bitstamp/SOLUSD,13,0.0067571736806762
75,binance-futures/SOLUSDT - bitstamp/SOLUSD,14,-0.03407084329006962
76,binance-futures/SOLUSDT - bitstamp/SOLUSD,15,0.011237201451915198
77,binance-futures/SOLUSDT - bitstamp/SOLUSD,16,0.0011561464354472013
78,binance-futures/SOLUSDT - bitstamp/SOLUSD,17,0.027454750652055708
79,binance-futures/SOLUSDT - bitstamp/SOLUSD,18,-0.03811230609715749
80,binance-futures/SOLUSDT - bitstamp/SOLUSD,19,-0.006652610950272402
81,binance-futures/SOLUSDT - bitstamp/SOLUSD,20,-0.0067163344451451985
82,binance-futures/SOLUSDT - ftx/SOL-PERP,-20,0.004833839792418286
83,binance-futures/SOLUSDT - ftx/SOL-PERP,-19,-0.014461027717910371
84,binance-futures/SOLUSDT - ftx/SOL-PERP,-18,-0.019680061545229548
85,binance-futures/SOLUSDT - ftx/SOL-PERP,-17,0.01602011537661606
86,binance-futures/SOLUSDT - ftx/SOL-PERP,-16,0.00911018291003529
87,binance-futures/SOLUSDT - ftx/SOL-PERP,-15,0.014810321656870675
88,binance-futures/SOLUSDT - ftx/SOL-PERP,-14,0.010534473716474462
89,binance-futures/SOLUSDT - ftx/SOL-PERP,-13,-0.030698725288328763
90,binance-futures/SOLUSDT - ftx/SOL-PERP,-12,0.0030991621605894622
91,binance-futures/SOLUSDT - ftx/SOL-PERP,-11,0.004240058717807357
92,binance-futures/SOLUSDT - ftx/SOL-PERP,-10,0.007396966993294504
93,binance-futures/SOLUSDT - ftx/SOL-PERP,-9,-0.00061976896449247
94,binance-futures/SOLUSDT - ftx/SOL-PERP,-8,-0.03787301460118755
95,binance-futures/SOLUSDT - ftx/SOL-PERP,-7,-0.028942045935087746
96,binance-futures/SOLUSDT - ftx/SOL-PERP,-6,-0.0321091645457182
97,binance-futures/SOLUSDT - ftx/SOL-PERP,-5,0.023671397703988115
98,binance-futures/SOLUSDT - ftx/SOL-PERP,-4,-0.0032146671712853544
99,binance-futures/SOLUSDT - ftx/SOL-PERP,-3,-0.014221349588017712
100,binance-futures/SOLUSDT - ftx/SOL-PERP,-2,-0.038408163021292914
101,binance-futures/SOLUSDT - ftx/SOL-PERP,-1,0.10578723396188701
102,binance-futures/SOLUSDT - ftx/SOL-PERP,0,0.6843592902074223
103,binance-futures/SOLUSDT - ftx/SOL-PERP,1,0.19747892279922455
104,binance-futures/SOLUSDT - ftx/SOL-PERP,2,0.0018360770448579563
105,binance-futures/SOLUSDT - ftx/SOL-PERP,3,0.0026001178934864956
106,binance-futures/SOLUSDT - ftx/SOL-PERP,4,0.030970970453639803
107,binance-futures/SOLUSDT - ftx/SOL-PERP,5,0.013456771017301326
108,binance-futures/SOLUSDT - ftx/SOL-PERP,6,-0.013705513338645144
109,binance-futures/SOLUSDT - ftx/SOL-PERP,7,-0.036059878424412974
110,binance-futures/SOLUSDT - ftx/SOL-PERP,8,-0.05003066142118653
111,binance-futures/SOLUSDT - ftx/SOL-PERP,9,-0.004803076661058824
112,binance-futures/SOLUSDT - ftx/SOL-PERP,10,0.004395136090137736
113,binance-futures/SOLUSDT - ftx/SOL-PERP,11,-0.013992690442819783
114,binance-futures/SOLUSDT - ftx/SOL-PERP,12,-0.004746328924717487
115,binance-futures/SOLUSDT - ftx/SOL-PERP,13,-0.01571568539640155
116,binance-futures/SOLUSDT - ftx/SOL-PERP,14,0.010869515224347677
117,binance-futures/SOLUSDT - ftx/SOL-PERP,15,0.03127625835838746
118,binance-futures/SOLUSDT - ftx/SOL-PERP,16,0.015815597701130297
119,binance-futures/SOLUSDT - ftx/SOL-PERP,17,0.02562033566677068
120,binance-futures/SOLUSDT - ftx/SOL-PERP,18,-0.0109081295248899
121,binance-futures/SOLUSDT - ftx/SOL-PERP,19,0.004595863899068323
122,binance-futures/SOLUSDT - ftx/SOL-PERP,20,0.002346453686749141
123,binance-futures/SOLUSDT - ftx/SOL/USD,-20,-0.010213269686716882
124,binance-futures/SOLUSDT - ftx/SOL/USD,-19,-0.0022589151313691324
125,binance-futures/SOLUSDT - ftx/SOL/USD,-18,-0.007788492931904662
126,binance-futures/SOLUSDT - ftx/SOL/USD,-17,-0.0019627633286242135
127,binance-futures/SOLUSDT - ftx/SOL/USD,-16,0.0007358440750330322
128,binance-futures/SOLUSDT - ftx/SOL/USD,-15,0.009046519803184676
129,binance-futures/SOLUSDT - ftx/SOL/USD,-14,0.013475325756984484
130,binance-futures/SOLUSDT - ftx/SOL/USD,-13,0.0010929154295798583
131,binance-futures/SOLUSDT - ftx/SOL/USD,-12,0.00880163441104203
132,binance-futures/SOLUSDT - ftx/SOL/USD,-11,-0.009282641370302071
133,binance-futures/SOLUSDT - ftx/SOL/USD,-10,-0.0035201744907643897
134,binance-futures/SOLUSDT - ftx/SOL/USD,-9,0.01029763850606702
135,binance-futures/SOLUSDT - ftx/SOL/USD,-8,-0.006620825398924595
136,binance-futures/SOLUSDT - ftx/SOL/USD,-7,-0.008887385716901636
137,binance-futures/SOLUSDT - ftx/SOL/USD,-6,-0.012428462030915412
138,binance-futures/SOLUSDT - ftx/SOL/USD,-5,-0.0038472167049237844
139,binance-futures/SOLUSDT - ftx/SOL/USD,-4,-0.005311532514303743
140,binance-futures/SOLUSDT - ftx/SOL/USD,-3,-0.005020413740892076
141,binance-futures/SOLUSDT - ftx/SOL/USD,-2,-0.004102290459279817
142,binance-futures/SOLUSDT - ftx/SOL/USD,-1,0.026626250305854422
143,binance-futures/SOLUSDT - ftx/SOL/USD,0,0.20115183453369942
144,binance-futures/SOLUSDT - ftx/SOL/USD,1,0.0743283827472155
145,binance-futures/SOLUSDT - ftx/SOL/USD,2,-0.012419511602245257
146,binance-futures/SOLUSDT - ftx/SOL/USD,3,-0.010124573693338645
147,binance-futures/SOLUSDT - ftx/SOL/USD,4,0.009424924285517375
148,binance-futures/SOLUSDT - ftx/SOL/USD,5,0.005195523740306827
149,binance-futures/SOLUSDT - ftx/SOL/USD,6,-0.009004853821064139
150,binance-futures/SOLUSDT - ftx/SOL/USD,7,-0.017223092676600854
151,binance-futures/SOLUSDT - ftx/SOL/USD,8,-0.017692369783830854
152,binance-futures/SOLUSDT - ftx/SOL/USD,9,0.0022496289771738206
153,binance-futures/SOLUSDT - ftx/SOL/USD,10,0.0032207613532988233
154,binance-futures/SOLUSDT - ftx/SOL/USD,11,-0.002562260924272609
155,binance-futures/SOLUSDT - ftx/SOL/USD,12,-0.0005054729412404677
156,binance-futures/SOLUSDT - ftx/SOL/USD,13,-0.00510351973454804
157,binance-futures/SOLUSDT - ftx/SOL/USD,14,-0.0028004637913296507
158,binance-futures/SOLUSDT - ftx/SOL/USD,15,0.013559344360568893
159,binance-futures/SOLUSDT - ftx/SOL/USD,16,-0.006065145118832749
160,binance-futures/SOLUSDT - ftx/SOL/USD,17,-0.00197391800768918
161,binance-futures/SOLUSDT - ftx/SOL/USD,18,-0.004113762640218251
162,binance-futures/SOLUSDT - ftx/SOL/USD,19,0.005576423429044263
163,binance-futures/SOLUSDT - ftx/SOL/USD,20,0.006879273683516153
164,binance-futures/SOLUSDT - gate-io/SOL_USDT,-20,0.015474329626460653
165,binance-futures/SOLUSDT - gate-io/SOL_USDT,-19,-0.01742812719629414
166,binance-futures/SOLUSDT - gate-io/SOL_USDT,-18,-0.009426425761174298
167,binance-futures/SOLUSDT - gate-io/SOL_USDT,-17,-0.002413964303640731
168,binance-futures/SOLUSDT - gate-io/SOL_USDT,-16,0.011184446132807184
169,binance-futures/SOLUSDT - gate-io/SOL_USDT,-15,0.03337786018561532
170,binance-futures/SOLUSDT - gate-io/SOL_USDT,-14,0.004970660952906891
171,binance-futures/SOLUSDT - gate-io/SOL_USDT,-13,-0.01061895305603759
172,binance-futures/SOLUSDT - gate-io/SOL_USDT,-12,-0.00045825804535111714
173,binance-futures/SOLUSDT - gate-io/SOL_USDT,-11,0.01900203729535415
174,binance-futures/SOLUSDT - gate-io/SOL_USDT,-10,0.0031728184282103465
175,binance-futures/SOLUSDT - gate-io/SOL_USDT,-9,-0.011997177708101069
176,binance-futures/SOLUSDT - gate-io/SOL_USDT,-8,-0.02252228695540335
177,binance-futures/SOLUSDT - gate-io/SOL_USDT,-7,-0.0217745671883939
178,binance-futures/SOLUSDT - gate-io/SOL_USDT,-6,-0.03733092595152524
179,binance-futures/SOLUSDT - gate-io/SOL_USDT,-5,-0.0030884908435960647
180,binance-futures/SOLUSDT - gate-io/SOL_USDT,-4,0.0034617216360597358
181,binance-futures/SOLUSDT - gate-io/SOL_USDT,-3,-0.012961182518463827
182,binance-futures/SOLUSDT - gate-io/SOL_USDT,-2,-0.03372611696087043
183,binance-futures/SOLUSDT - gate-io/SOL_USDT,-1,0.1588882770698222
184,binance-futures/SOLUSDT - gate-io/SOL_USDT,0,0.7304412588817705
185,binance-futures/SOLUSDT - gate-io/SOL_USDT,1,0.20661977993299996
186,binance-futures/SOLUSDT - gate-io/SOL_USDT,2,-0.0028333333351480356
187,binance-futures/SOLUSDT - gate-io/SOL_USDT,3,-0.0041029318098644236
188,binance-futures/SOLUSDT - gate-io/SOL_USDT,4,0.010526904930505539
189,binance-futures/SOLUSDT - gate-io/SOL_USDT,5,0.00922611919518922
190,binance-futures/SOLUSDT - gate-io/SOL_USDT,6,-0.008935615017257856
191,binance-futures/SOLUSDT - gate-io/SOL_USDT,7,-0.01977205225440099
192,binance-futures/SOLUSDT - gate-io/SOL_USDT,8,-0.03902574812039101
193,binance-futures/SOLUSDT - gate-io/SOL_USDT,9,-0.01620114987684798
194,binance-futures/SOLUSDT - gate-io/SOL_USDT,10,0.005137466846516935
195,binance-futures/SOLUSDT - gate-io/SOL_USDT,11,0.008255108770025608
196,binance-futures/SOLUSDT - gate-io/SOL_USDT,12,-0.0037917586658346657
197,binance-futures/SOLUSDT - gate-io/SOL_USDT,13,-0.012095468179840141
198,binance-futures/SOLUSDT - gate-io/SOL_USDT,14,0.014570890726922761
199,binance-futures/SOLUSDT - gate-io/SOL_USDT,15,0.0039028601350532296
200,binance-futures/SOLUSDT - gate-io/SOL_USDT,16,0.007802411838269399
201,binance-futures/SOLUSDT - gate-io/SOL_USDT,17,0.0037672870593268184
202,binance-futures/SOLUSDT - gate-io/SOL_USDT,18,-0.00253558251773026
203,binance-futures/SOLUSDT - gate-io/SOL_USDT,19,-0.010128843458700507
204,binance-futures/SOLUSDT - gate-io/SOL_USDT,20,-0.004023315287312328
205,binance-futures/SOLUSDT - okex-swap/SOL-USDT-SWAP,-20,-0.001383310422466698
206,binance-futures/SOLUSDT - okex-swap/SOL-USDT-SWAP,-19,-0.01043027032716078
207,binance-futures/SOLUSDT - okex-swap/SOL-USDT-SWAP,-18,-0.011481192766318095
208,binance-futures/SOLUSDT - okex-swap/SOL-USDT-SWAP,-17,0.013094998826165365
209,binance-futures/SOLUSDT - okex-swap/SOL-USDT-SWAP,-16,0.013809442478302082
210,binance-futures/SOLUSDT - okex-swap/SOL-USDT-SWAP,-15,0.023052306992922496
211,binance-futures/SOLUSDT - okex-swap/SOL-USDT-SWAP,-14,0.022572576674585825
212,binance-futures/SOLUSDT - okex-swap/SOL-USDT-SWAP,-13,-0.013604496923200038
213,binance-futures/SOLUSDT - okex-swap/SOL-USDT-SWAP,-12,0.0025125133462569308
214,binance-futures/SOLUSDT - okex-swap/SOL-USDT-SWAP,-11,0.0005139918044660552
215,binance-futures/SOLUSDT - okex-swap/SOL-USDT-SWAP,-10,0.010355448621334406
216,binance-futures/SOLUSDT - okex-swap/SOL-USDT-SWAP,-9,-0.0036446539549973306
217,binance-futures/SOLUSDT - okex-swap/SOL-USDT-SWAP,-8,-0.04596924104952049
218,binance-futures/SOLUSDT - okex-swap/SOL-USDT-SWAP,-7,-0.033360686640411315
219,binance-futures/SOLUSDT - okex-swap/SOL-USDT-SWAP,-6,-0.033473931560806365
220,binance-futures/SOLUSDT - okex-swap/SOL-USDT-SWAP,-5,0.016857253482706707
221,binance-futures/SOLUSDT - okex-swap/SOL-USDT-SWAP,-4,0.009939749667605158
222,binance-futures/SOLUSDT - okex-swap/SOL-USDT-SWAP,-3,-0.031516876612179306
223,binance-futures/SOLUSDT - okex-swap/SOL-USDT-SWAP,-2,-0.02384844863189166
224,binance-futures/SOLUSDT - okex-swap/SOL-USDT-SWAP,-1,0.18848612936800774
225,binance-futures/SOLUSDT - okex-swap/SOL-USDT-SWAP,0,0.9327103130424631
226,binance-futures/SOLUSDT - okex-swap/SOL-USDT-SWAP,1,0.17020529087684158
227,binance-futures/SOLUSDT - okex-swap/SOL-USDT-SWAP,2,-0.03228101699177158
228,binance-futures/SOLUSDT - okex-swap/SOL-USDT-SWAP,3,-0.02304447675069954
229,binance-futures/SOLUSDT - okex-swap/SOL-USDT-SWAP,4,0.006829236967448278
230,binance-futures/SOLUSDT - okex-swap/SOL-USDT-SWAP,5,0.018141213605015354
231,binance-futures/SOLUSDT - okex-swap/SOL-USDT-SWAP,6,-0.02675205214634793
232,binance-futures/SOLUSDT - okex-swap/SOL-USDT-SWAP,7,-0.013861733444106185
233,binance-futures/SOLUSDT - okex-swap/SOL-USDT-SWAP,8,-0.041091623385296316
234,binance-futures/SOLUSDT - okex-swap/SOL-USDT-SWAP,9,-0.0041197257403861
235,binance-futures/SOLUSDT - okex-swap/SOL-USDT-SWAP,10,0.018825272255930246
236,binance-futures/SOLUSDT - okex-swap/SOL-USDT-SWAP,11,0.004712358929572768
237,binance-futures/SOLUSDT - okex-swap/SOL-USDT-SWAP,12,0.0020013473733535517
238,binance-futures/SOLUSDT - okex-swap/SOL-USDT-SWAP,13,-0.015627551007375402
239,binance-futures/SOLUSDT - okex-swap/SOL-USDT-SWAP,14,0.022973597548452324
240,binance-futures/SOLUSDT - okex-swap/SOL-USDT-SWAP,15,0.02600601357511102
241,binance-futures/SOLUSDT - okex-swap/SOL-USDT-SWAP,16,0.009891436688643528
242,binance-futures/SOLUSDT - okex-swap/SOL-USDT-SWAP,17,0.01515701289109655
243,binance-futures/SOLUSDT - okex-swap/SOL-USDT-SWAP,18,-0.014395365472728959
244,binance-futures/SOLUSDT - okex-swap/SOL-USDT-SWAP,19,0.0030065836404996327
245,binance-futures/SOLUSDT - okex-swap/SOL-USDT-SWAP,20,0.0018394806860905738
246,binance-futures/SOLUSDT - okex/SOL-USDT,-20,0.005975243077804051
247,binance-futures/SOLUSDT - okex/SOL-USDT,-19,-0.012815855003701703
248,binance-futures/SOLUSDT - okex/SOL-USDT,-18,-0.01846410615150402
249,binance-futures/SOLUSDT - okex/SOL-USDT,-17,0.003969112163955289
250,binance-futures/SOLUSDT - okex/SOL-USDT,-16,0.010195278967985293
251,binance-futures/SOLUSDT - okex/SOL-USDT,-15,0.029114767992840004
252,binance-futures/SOLUSDT - okex/SOL-USDT,-14,0.005285603464232451
253,binance-futures/SOLUSDT - okex/SOL-USDT,-13,-0.014764068564102934
254,binance-futures/SOLUSDT - okex/SOL-USDT,-12,0.018206006687625415
255,binance-futures/SOLUSDT - okex/SOL-USDT,-11,0.004632909727778086
256,binance-futures/SOLUSDT - okex/SOL-USDT,-10,0.009844729003822366
257,binance-futures/SOLUSDT - okex/SOL-USDT,-9,-0.00809107093230106
258,binance-futures/SOLUSDT - okex/SOL-USDT,-8,-0.03008477722712864
259,binance-futures/SOLUSDT - okex/SOL-USDT,-7,-0.019994342019673445
260,binance-futures/SOLUSDT - okex/SOL-USDT,-6,-0.042010782376910936
261,binance-futures/SOLUSDT - okex/SOL-USDT,-5,0.002379312912071988
262,binance-futures/SOLUSDT - okex/SOL-USDT,-4,0.003527142536227048
263,binance-futures/SOLUSDT - okex/SOL-USDT,-3,-0.015609579684066646
264,binance-futures/SOLUSDT - okex/SOL-USDT,-2,-0.03245610799358917
265,binance-futures/SOLUSDT - okex/SOL-USDT,-1,0.17851984146755956
266,binance-futures/SOLUSDT - okex/SOL-USDT,0,0.8517490115620716
267,binance-futures/SOLUSDT - okex/SOL-USDT,1,0.19414457749263928
268,binance-futures/SOLUSDT - okex/SOL-USDT,2,-0.012528349042801517
269,binance-futures/SOLUSDT - okex/SOL-USDT,3,-0.013967397849245734
270,binance-futures/SOLUSDT - okex/SOL-USDT,4,0.020643952318701884
271,binance-futures/SOLUSDT - okex/SOL-USDT,5,0.020662579500990593
272,binance-futures/SOLUSDT - okex/SOL-USDT,6,-0.02388056919883675
273,binance-futures/SOLUSDT - okex/SOL-USDT,7,-0.02659585798769946
274,binance-futures/SOLUSDT - okex/SOL-USDT,8,-0.0409230928243894
275,binance-futures/SOLUSDT - okex/SOL-USDT,9,-0.006177882436474932
276,binance-futures/SOLUSDT - okex/SOL-USDT,10,0.010908880302106641
277,binance-futures/SOLUSDT - okex/SOL-USDT,11,0.00625984917114814
278,binance-futures/SOLUSDT - okex/SOL-USDT,12,0.007885026999944755
279,binance-futures/SOLUSDT - okex/SOL-USDT,13,-0.014818946655866826
280,binance-futures/SOLUSDT - okex/SOL-USDT,14,0.0064973554679811805
281,binance-futures/SOLUSDT - okex/SOL-USDT,15,0.007431589599770575
282,binance-futures/SOLUSDT - okex/SOL-USDT,16,0.0033722508843132934
283,binance-futures/SOLUSDT - okex/SOL-USDT,17,0.0008993323797393623
284,binance-futures/SOLUSDT - okex/SOL-USDT,18,-0.0064724226672593175
285,binance-futures/SOLUSDT - okex/SOL-USDT,19,-0.00022409640760943686
286,binance-futures/SOLUSDT - okex/SOL-USDT,20,-0.01106441080422276
287,binance/SOLUSDT - bitstamp/SOLUSD,-20,-0.014878463465398397
288,binance/SOLUSDT - bitstamp/SOLUSD,-19,0.00764977179100902
289,binance/SOLUSDT - bitstamp/SOLUSD,-18,0.0033245815543215857
290,binance/SOLUSDT - bitstamp/SOLUSD,-17,0.013138210807839007
291,binance/SOLUSDT - bitstamp/SOLUSD,-16,-0.0056268220479438824
292,binance/SOLUSDT - bitstamp/SOLUSD,-15,0.004323883667951016
293,binance/SOLUSDT - bitstamp/SOLUSD,-14,-0.001058511446638114
294,binance/SOLUSDT - bitstamp/SOLUSD,-13,-0.0010893235171824636
295,binance/SOLUSDT - bitstamp/SOLUSD,-12,-0.013231130785586359
296,binance/SOLUSDT - bitstamp/SOLUSD,-11,-0.005031689988102015
297,binance/SOLUSDT - bitstamp/SOLUSD,-10,0.008686993020327043
298,binance/SOLUSDT - bitstamp/SOLUSD,-9,-0.0016967483185510522
299,binance/SOLUSDT - bitstamp/SOLUSD,-8,-0.019416073263760207
300,binance/SOLUSDT - bitstamp/SOLUSD,-7,-0.013590554052074006
301,binance/SOLUSDT - bitstamp/SOLUSD,-6,0.0033206569075560893
302,binance/SOLUSDT - bitstamp/SOLUSD,-5,-0.005947366203470539
303,binance/SOLUSDT - bitstamp/SOLUSD,-4,0.026249863070169542
304,binance/SOLUSDT - bitstamp/SOLUSD,-3,-0.0014241586436176824
305,binance/SOLUSDT - bitstamp/SOLUSD,-2,-0.02435416526519447
306,binance/SOLUSDT - bitstamp/SOLUSD,-1,0.10024498836943244
307,binance/SOLUSDT - bitstamp/SOLUSD,0,0.25485718773377986
308,binance/SOLUSDT - bitstamp/SOLUSD,1,0.10251371985030065
309,binance/SOLUSDT - bitstamp/SOLUSD,2,-0.018531541529502052
310,binance/SOLUSDT - bitstamp/SOLUSD,3,0.019940536601119167
311,binance/SOLUSDT - bitstamp/SOLUSD,4,0.003158136958177645
312,binance/SOLUSDT - bitstamp/SOLUSD,5,-0.005138049496099057
313,binance/SOLUSDT - bitstamp/SOLUSD,6,0.004674484707892107
314,binance/SOLUSDT - bitstamp/SOLUSD,7,-0.032405987921220014
315,binance/SOLUSDT - bitstamp/SOLUSD,8,0.00475604325371156
316,binance/SOLUSDT - bitstamp/SOLUSD,9,-0.011712072254390384
317,binance/SOLUSDT - bitstamp/SOLUSD,10,0.018441219622214265
318,binance/SOLUSDT - bitstamp/SOLUSD,11,-0.007525869374930703
319,binance/SOLUSDT - bitstamp/SOLUSD,12,-0.011160589418922402
320,binance/SOLUSDT - bitstamp/SOLUSD,13,0.014412316502678246
321,binance/SOLUSDT - bitstamp/SOLUSD,14,-0.014149082369689583
322,binance/SOLUSDT - bitstamp/SOLUSD,15,-0.0017886124083608425
323,binance/SOLUSDT - bitstamp/SOLUSD,16,0.014218496574221412
324,binance/SOLUSDT - bitstamp/SOLUSD,17,0.012920842020520552
325,binance/SOLUSDT - bitstamp/SOLUSD,18,-0.035174918188876934
326,binance/SOLUSDT - bitstamp/SOLUSD,19,-0.0063177681443132355
327,binance/SOLUSDT - bitstamp/SOLUSD,20,-0.005318812540296912
328,binance/SOLUSDT - ftx/SOL-PERP,-20,-0.006283160778274901
329,binance/SOLUSDT - ftx/SOL-PERP,-19,-0.00917480357536963
330,binance/SOLUSDT - ftx/SOL-PERP,-18,-0.005650230001486107
331,binance/SOLUSDT - ftx/SOL-PERP,-17,0.0042034482783661975
332,binance/SOLUSDT - ftx/SOL-PERP,-16,0.006137447008546244
333,binance/SOLUSDT - ftx/SOL-PERP,-15,0.010950405026435793
334,binance/SOLUSDT - ftx/SOL-PERP,-14,-0.0010934533907561526
335,binance/SOLUSDT - ftx/SOL-PERP,-13,-0.03320037948613759
336,binance/SOLUSDT - ftx/SOL-PERP,-12,-0.00023783882922230105
337,binance/SOLUSDT - ftx/SOL-PERP,-11,0.0003088226903180593
338,binance/SOLUSDT - ftx/SOL-PERP,-10,-0.0001618528597181901
339,binance/SOLUSDT - ftx/SOL-PERP,-9,-0.012305701487091055
340,binance/SOLUSDT - ftx/SOL-PERP,-8,-0.029602134536010728
341,binance/SOLUSDT - ftx/SOL-PERP,-7,-0.020938127812161315
342,binance/SOLUSDT - ftx/SOL-PERP,-6,-0.014297558026742641
343,binance/SOLUSDT - ftx/SOL-PERP,-5,0.03239986932544514
344,binance/SOLUSDT - ftx/SOL-PERP,-4,0.0017113062726260742
345,binance/SOLUSDT - ftx/SOL-PERP,-3,-0.007691645430890068
346,binance/SOLUSDT - ftx/SOL-PERP,-2,-0.025385057329431294
347,binance/SOLUSDT - ftx/SOL-PERP,-1,0.1728676196873376
348,binance/SOLUSDT - ftx/SOL-PERP,0,0.6962652448567955
349,binance/SOLUSDT - ftx/SOL-PERP,1,0.19476384134914212
350,binance/SOLUSDT - ftx/SOL-PERP,2,-0.0019419562876679952
351,binance/SOLUSDT - ftx/SOL-PERP,3,0.013764294788752142
352,binance/SOLUSDT - ftx/SOL-PERP,4,0.02258178105951227
353,binance/SOLUSDT - ftx/SOL-PERP,5,-0.00453798517903392
354,binance/SOLUSDT - ftx/SOL-PERP,6,-0.017482675390344003
355,binance/SOLUSDT - ftx/SOL-PERP,7,-0.03135070299750974
356,binance/SOLUSDT - ftx/SOL-PERP,8,-0.0408495040238186
357,binance/SOLUSDT - ftx/SOL-PERP,9,-0.014781898350021047
358,binance/SOLUSDT - ftx/SOL-PERP,10,0.00850166133985092
359,binance/SOLUSDT - ftx/SOL-PERP,11,0.003712192974980364
360,binance/SOLUSDT - ftx/SOL-PERP,12,-0.01233234985918771
361,binance/SOLUSDT - ftx/SOL-PERP,13,-0.018431592407227238
362,binance/SOLUSDT - ftx/SOL-PERP,14,0.013818191584534324
363,binance/SOLUSDT - ftx/SOL-PERP,15,0.022979858667404252
364,binance/SOLUSDT - ftx/SOL-PERP,16,0.01330198826458538
365,binance/SOLUSDT - ftx/SOL-PERP,17,0.01761258565434891
366,binance/SOLUSDT - ftx/SOL-PERP,18,-0.008066689461836144
367,binance/SOLUSDT - ftx/SOL-PERP,19,-0.010354403507724382
368,binance/SOLUSDT - ftx/SOL-PERP,20,-0.0028457094244248213
369,binance/SOLUSDT - ftx/SOL/USD,-20,-0.01593910979683532
370,binance/SOLUSDT - ftx/SOL/USD,-19,-0.004358683631814171
371,binance/SOLUSDT - ftx/SOL/USD,-18,-0.0025568231266194924
372,binance/SOLUSDT - ftx/SOL/USD,-17,-0.0007667873112279127
373,binance/SOLUSDT - ftx/SOL/USD,-16,0.002226979449052848
374,binance/SOLUSDT - ftx/SOL/USD,-15,0.0077541918292483225
375,binance/SOLUSDT - ftx/SOL/USD,-14,0.011935439119061008
376,binance/SOLUSDT - ftx/SOL/USD,-13,-0.005902280783981258
377,binance/SOLUSDT - ftx/SOL/USD,-12,0.008697038647046131
378,binance/SOLUSDT - ftx/SOL/USD,-11,-0.014173398297148622
379,binance/SOLUSDT - ftx/SOL/USD,-10,-0.005338207220311824
380,binance/SOLUSDT - ftx/SOL/USD,-9,0.009146845358890177
381,binance/SOLUSDT - ftx/SOL/USD,-8,-0.013664157966789572
382,binance/SOLUSDT - ftx/SOL/USD,-7,-0.0027357458767461474
383,binance/SOLUSDT - ftx/SOL/USD,-6,-0.008439223883983138
384,binance/SOLUSDT - ftx/SOL/USD,-5,0.004398611858670805
385,binance/SOLUSDT - ftx/SOL/USD,-4,-0.006329004385716792
386,binance/SOLUSDT - ftx/SOL/USD,-3,-0.008742072863684154
387,binance/SOLUSDT - ftx/SOL/USD,-2,0.0021738777862236975
388,binance/SOLUSDT - ftx/SOL/USD,-1,0.04915630519761729
389,binance/SOLUSDT - ftx/SOL/USD,0,0.2158445987992757
390,binance/SOLUSDT - ftx/SOL/USD,1,0.07434223183019825
391,binance/SOLUSDT - ftx/SOL/USD,2,-0.012891341009772187
392,binance/SOLUSDT - ftx/SOL/USD,3,-0.012253112991473709
393,binance/SOLUSDT - ftx/SOL/USD,4,0.00632653678183531
394,binance/SOLUSDT - ftx/SOL/USD,5,-0.0004210986203270444
395,binance/SOLUSDT - ftx/SOL/USD,6,-0.013837681128135213
396,binance/SOLUSDT - ftx/SOL/USD,7,-0.01782583977652737
397,binance/SOLUSDT - ftx/SOL/USD,8,-0.0077908508469954115
398,binance/SOLUSDT - ftx/SOL/USD,9,0.0034619734390831723
399,binance/SOLUSDT - ftx/SOL/USD,10,0.006572757056502395
400,binance/SOLUSDT - ftx/SOL/USD,11,-0.0071570678830629
401,binance/SOLUSDT - ftx/SOL/USD,12,-0.002988713499578288
402,binance/SOLUSDT - ftx/SOL/USD,13,-0.003413947993523017
403,binance/SOLUSDT - ftx/SOL/USD,14,-0.0015573423843982651
404,binance/SOLUSDT - ftx/SOL/USD,15,0.017076949969909192
405,binance/SOLUSDT - ftx/SOL/USD,16,-0.005856380901195293
406,binance/SOLUSDT - ftx/SOL/USD,17,0.0012552971724197669
407,binance/SOLUSDT - ftx/SOL/USD,18,-0.0070972019745091635
408,binance/SOLUSDT - ftx/SOL/USD,19,0.0019295501647811693
409,binance/SOLUSDT - ftx/SOL/USD,20,0.001568683765503929
410,binance/SOLUSDT - gate-io/SOL_USDT,-20,0.004090359977066514
411,binance/SOLUSDT - gate-io/SOL_USDT,-19,-0.020850257022864794
412,binance/SOLUSDT - gate-io/SOL_USDT,-18,-0.007506707844070257
413,binance/SOLUSDT - gate-io/SOL_USDT,-17,-0.0020714448675269864
414,binance/SOLUSDT - gate-io/SOL_USDT,-16,0.007036804494230206
415,binance/SOLUSDT - gate-io/SOL_USDT,-15,0.020499983932269657
416,binance/SOLUSDT - gate-io/SOL_USDT,-14,-0.0026209083478430004
417,binance/SOLUSDT - gate-io/SOL_USDT,-13,-0.01600738258332363
418,binance/SOLUSDT - gate-io/SOL_USDT,-12,-0.007692641768362946
419,binance/SOLUSDT - gate-io/SOL_USDT,-11,0.007185098621748206
420,binance/SOLUSDT - gate-io/SOL_USDT,-10,-0.0020997227044546964
421,binance/SOLUSDT - gate-io/SOL_USDT,-9,-0.025596763063477364
422,binance/SOLUSDT - gate-io/SOL_USDT,-8,-0.02508548087649217
423,binance/SOLUSDT - gate-io/SOL_USDT,-7,-0.01963097193083995
424,binance/SOLUSDT - gate-io/SOL_USDT,-6,-0.022233571125429546
425,binance/SOLUSDT - gate-io/SOL_USDT,-5,0.009932227049446211
426,binance/SOLUSDT - gate-io/SOL_USDT,-4,0.013138480193043466
427,binance/SOLUSDT - gate-io/SOL_USDT,-3,-0.000464510334161379
428,binance/SOLUSDT - gate-io/SOL_USDT,-2,-0.017707160952130725
429,binance/SOLUSDT - gate-io/SOL_USDT,-1,0.2090473681372253
430,binance/SOLUSDT - gate-io/SOL_USDT,0,0.8145919953672363
431,binance/SOLUSDT - gate-io/SOL_USDT,1,0.22767797257532513
432,binance/SOLUSDT - gate-io/SOL_USDT,2,-0.01577598878544224
433,binance/SOLUSDT - gate-io/SOL_USDT,3,0.006344810727606886
434,binance/SOLUSDT - gate-io/SOL_USDT,4,0.00715183904289396
435,binance/SOLUSDT - gate-io/SOL_USDT,5,-0.007866046487182777
436,binance/SOLUSDT - gate-io/SOL_USDT,6,-0.010318453619406509
437,binance/SOLUSDT - gate-io/SOL_USDT,7,-0.01729672858358225
438,binance/SOLUSDT - gate-io/SOL_USDT,8,-0.03336495821464968
439,binance/SOLUSDT - gate-io/SOL_USDT,9,-0.01747640516072978
440,binance/SOLUSDT - gate-io/SOL_USDT,10,0.0003502988100725212
441,binance/SOLUSDT - gate-io/SOL_USDT,11,0.004806224982957562
442,binance/SOLUSDT - gate-io/SOL_USDT,12,-0.003870714701022197
443,binance/SOLUSDT - gate-io/SOL_USDT,13,-0.02554728382617046
444,binance/SOLUSDT - gate-io/SOL_USDT,14,0.013062563853559502
445,binance/SOLUSDT - gate-io/SOL_USDT,15,0.00498068100189623
446,binance/SOLUSDT - gate-io/SOL_USDT,16,0.022904355707835642
447,binance/SOLUSDT - gate-io/SOL_USDT,17,-0.0006950063305031177
448,binance/SOLUSDT - gate-io/SOL_USDT,18,-0.012440959724117878
449,binance/SOLUSDT - gate-io/SOL_USDT,19,-0.018865365874005786
450,binance/SOLUSDT - gate-io/SOL_USDT,20,-0.004877805247122617
451,binance/SOLUSDT - okex-swap/SOL-USDT-SWAP,-20,-0.00968929765867176
452,binance/SOLUSDT - okex-swap/SOL-USDT-SWAP,-19,-0.02133105765942395
453,binance/SOLUSDT - okex-swap/SOL-USDT-SWAP,-18,0.002212777664014846
454,binance/SOLUSDT - okex-swap/SOL-USDT-SWAP,-17,0.00853664999697319
455,binance/SOLUSDT - okex-swap/SOL-USDT-SWAP,-16,0.007759501032726596
456,binance/SOLUSDT - okex-swap/SOL-USDT-SWAP,-15,0.011644305306931627
457,binance/SOLUSDT - okex-swap/SOL-USDT-SWAP,-14,0.007072747300334933
458,binance/SOLUSDT - okex-swap/SOL-USDT-SWAP,-13,-0.012430669987698637
459,binance/SOLUSDT - okex-swap/SOL-USDT-SWAP,-12,0.0008292138020460766
460,binance/SOLUSDT - okex-swap/SOL-USDT-SWAP,-11,0.00525956326244254
461,binance/SOLUSDT - okex-swap/SOL-USDT-SWAP,-10,0.007128230754828388
462,binance/SOLUSDT - okex-swap/SOL-USDT-SWAP,-9,-0.021790958265191535
463,binance/SOLUSDT - okex-swap/SOL-USDT-SWAP,-8,-0.04285958113890756
464,binance/SOLUSDT - okex-swap/SOL-USDT-SWAP,-7,-0.01991024246709953
465,binance/SOLUSDT - okex-swap/SOL-USDT-SWAP,-6,-0.017205815428697844
466,binance/SOLUSDT - okex-swap/SOL-USDT-SWAP,-5,0.021666484953033773
467,binance/SOLUSDT - okex-swap/SOL-USDT-SWAP,-4,0.015225814080132596
468,binance/SOLUSDT - okex-swap/SOL-USDT-SWAP,-3,-0.00705537965293093
469,binance/SOLUSDT - okex-swap/SOL-USDT-SWAP,-2,0.002366589074152579
470,binance/SOLUSDT - okex-swap/SOL-USDT-SWAP,-1,0.23781811903289177
471,binance/SOLUSDT - okex-swap/SOL-USDT-SWAP,0,0.8285743839882233
472,binance/SOLUSDT - okex-swap/SOL-USDT-SWAP,1,0.15912561186939836
473,binance/SOLUSDT - okex-swap/SOL-USDT-SWAP,2,-0.032553599531437674
474,binance/SOLUSDT - okex-swap/SOL-USDT-SWAP,3,-0.0044902655199812996
475,binance/SOLUSDT - okex-swap/SOL-USDT-SWAP,4,-0.0016925873976569572
476,binance/SOLUSDT - okex-swap/SOL-USDT-SWAP,5,-0.005287590995381274
477,binance/SOLUSDT - okex-swap/SOL-USDT-SWAP,6,-0.03409610353547998
478,binance/SOLUSDT - okex-swap/SOL-USDT-SWAP,7,-0.013318553906513387
479,binance/SOLUSDT - okex-swap/SOL-USDT-SWAP,8,-0.034635184069310924
480,binance/SOLUSDT - okex-swap/SOL-USDT-SWAP,9,-0.013151302018588534
481,binance/SOLUSDT - okex-swap/SOL-USDT-SWAP,10,0.01392150326858485
482,binance/SOLUSDT - okex-swap/SOL-USDT-SWAP,11,0.010313223879410869
483,binance/SOLUSDT - okex-swap/SOL-USDT-SWAP,12,0.0016392450005107482
484,binance/SOLUSDT - okex-swap/SOL-USDT-SWAP,13,-0.016174425676978663
485,binance/SOLUSDT - okex-swap/SOL-USDT-SWAP,14,0.013269233436888767
486,binance/SOLUSDT - okex-swap/SOL-USDT-SWAP,15,0.025352851369445897
487,binance/SOLUSDT - okex-swap/SOL-USDT-SWAP,16,0.02570085933441203
488,binance/SOLUSDT - okex-swap/SOL-USDT-SWAP,17,0.011216875460008513
489,binance/SOLUSDT - okex-swap/SOL-USDT-SWAP,18,-0.017640553005811282
490,binance/SOLUSDT - okex-swap/SOL-USDT-SWAP,19,-0.010464050167334564
491,binance/SOLUSDT - okex-swap/SOL-USDT-SWAP,20,0.006211817527785356
492,binance/SOLUSDT - okex/SOL-USDT,-20,-0.003494903703597946
493,binance/SOLUSDT - okex/SOL-USDT,-19,-0.017363710916627473
494,binance/SOLUSDT - okex/SOL-USDT,-18,-0.012645931102978318
495,binance/SOLUSDT - okex/SOL-USDT,-17,-0.0048965150077197
496,binance/SOLUSDT - okex/SOL-USDT,-16,0.008157783536857926
497,binance/SOLUSDT - okex/SOL-USDT,-15,0.014895527821039131
498,binance/SOLUSDT - okex/SOL-USDT,-14,-0.0025421146614347783
499,binance/SOLUSDT - okex/SOL-USDT,-13,-0.015548320508102028
500,binance/SOLUSDT - okex/SOL-USDT,-12,0.0031958898646564458
501,binance/SOLUSDT - okex/SOL-USDT,-11,0.004365301531491167
502,binance/SOLUSDT - okex/SOL-USDT,-10,0.003383038630479287
503,binance/SOLUSDT - okex/SOL-USDT,-9,-0.023353505651782954
504,binance/SOLUSDT - okex/SOL-USDT,-8,-0.034021962015020876
505,binance/SOLUSDT - okex/SOL-USDT,-7,-0.015234820994972474
506,binance/SOLUSDT - okex/SOL-USDT,-6,-0.029161596247004963
507,binance/SOLUSDT - okex/SOL-USDT,-5,0.019789056987872224
508,binance/SOLUSDT - okex/SOL-USDT,-4,0.017422178002258495
509,binance/SOLUSDT - okex/SOL-USDT,-3,-0.006904018719259536
510,binance/SOLUSDT - okex/SOL-USDT,-2,-0.025218520641112564
511,binance/SOLUSDT - okex/SOL-USDT,-1,0.25208168118784535
512,binance/SOLUSDT - okex/SOL-USDT,0,0.9234021762223878
513,binance/SOLUSDT - okex/SOL-USDT,1,0.2157836977754162
514,binance/SOLUSDT - okex/SOL-USDT,2,-0.030037448282658415
515,binance/SOLUSDT - okex/SOL-USDT,3,0.0010743773554364071
516,binance/SOLUSDT - okex/SOL-USDT,4,0.018260735321059835
517,binance/SOLUSDT - okex/SOL-USDT,5,0.005566447688334283
518,binance/SOLUSDT - okex/SOL-USDT,6,-0.029078408444050477
519,binance/SOLUSDT - okex/SOL-USDT,7,-0.02231863263764873
520,binance/SOLUSDT - okex/SOL-USDT,8,-0.03642934291306864
521,binance/SOLUSDT - okex/SOL-USDT,9,-0.010724654301549463
522,binance/SOLUSDT - okex/SOL-USDT,10,0.006476565932177183
523,binance/SOLUSDT - okex/SOL-USDT,11,0.005556579211829717
524,binance/SOLUSDT - okex/SOL-USDT,12,0.004452418625329406
525,binance/SOLUSDT - okex/SOL-USDT,13,-0.020730982491975736
526,binance/SOLUSDT - okex/SOL-USDT,14,0.002276051045143898
527,binance/SOLUSDT - okex/SOL-USDT,15,0.010243051779227762
528,binance/SOLUSDT - okex/SOL-USDT,16,0.019490198048125837
529,binance/SOLUSDT - okex/SOL-USDT,17,0.002005146184077186
530,binance/SOLUSDT - okex/SOL-USDT,18,-0.017141650692772417
531,binance/SOLUSDT - okex/SOL-USDT,19,-0.01230834855973544
532,binance/SOLUSDT - okex/SOL-USDT,20,-0.013186865077945033
533,bitstamp/SOLUSD - ftx/SOL-PERP,-20,0.02138653031954358
534,bitstamp/SOLUSD - ftx/SOL-PERP,-19,-0.01587595664532035
535,bitstamp/SOLUSD - ftx/SOL-PERP,-18,-0.030282171220976595
536,bitstamp/SOLUSD - ftx/SOL-PERP,-17,0.014698937360925687
537,bitstamp/SOLUSD - ftx/SOL-PERP,-16,0.0038216888311252434
538,bitstamp/SOLUSD - ftx/SOL-PERP,-15,0.012187517142748157
539,bitstamp/SOLUSD - ftx/SOL-PERP,-14,-0.027025544060144863
540,bitstamp/SOLUSD - ftx/SOL-PERP,-13,-0.003041629251105908
541,bitstamp/SOLUSD - ftx/SOL-PERP,-12,0.004167018545010377
542,bitstamp/SOLUSD - ftx/SOL-PERP,-11,-0.0010017341771369327
543,bitstamp/SOLUSD - ftx/SOL-PERP,-10,0.014690144281364018
544,bitstamp/SOLUSD - ftx/SOL-PERP,-9,-0.009947223034255034
545,bitstamp/SOLUSD - ftx/SOL-PERP,-8,-0.012220207770746715
546,bitstamp/SOLUSD - ftx/SOL-PERP,-7,0.0024199331454018884
547,bitstamp/SOLUSD - ftx/SOL-PERP,-6,-0.007493731001265993
548,bitstamp/SOLUSD - ftx/SOL-PERP,-5,-0.0012860549277342761
549,bitstamp/SOLUSD - ftx/SOL-PERP,-4,0.00591136849306088
550,bitstamp/SOLUSD - ftx/SOL-PERP,-3,0.00631461685844892
551,bitstamp/SOLUSD - ftx/SOL-PERP,-2,0.004367419338881465
552,bitstamp/SOLUSD - ftx/SOL-PERP,-1,0.041129537124504525
553,bitstamp/SOLUSD - ftx/SOL-PERP,0,0.22652231175173723
554,bitstamp/SOLUSD - ftx/SOL-PERP,1,0.046211040734788864
555,bitstamp/SOLUSD - ftx/SOL-PERP,2,-0.02132521752732477
556,bitstamp/SOLUSD - ftx/SOL-PERP,3,0.01176160069407582
557,bitstamp/SOLUSD - ftx/SOL-PERP,4,0.011853754920995975
558,bitstamp/SOLUSD - ftx/SOL-PERP,5,0.006256089056062009
559,bitstamp/SOLUSD - ftx/SOL-PERP,6,-0.018143115946698894
560,bitstamp/SOLUSD - ftx/SOL-PERP,7,0.008485558294896087
561,bitstamp/SOLUSD - ftx/SOL-PERP,8,-0.01310004028980677
562,bitstamp/SOLUSD - ftx/SOL-PERP,9,0.0019293167900598998
563,bitstamp/SOLUSD - ftx/SOL-PERP,10,-0.010831725060155182
564,bitstamp/SOLUSD - ftx/SOL-PERP,11,0.005688929308487379
565,bitstamp/SOLUSD - ftx/SOL-PERP,12,-0.014479994571643024
566,bitstamp/SOLUSD - ftx/SOL-PERP,13,0.008642024814818428
567,bitstamp/SOLUSD - ftx/SOL-PERP,14,-0.015477036734106367
568,bitstamp/SOLUSD - ftx/SOL-PERP,15,0.011223589915233687
569,bitstamp/SOLUSD - ftx/SOL-PERP,16,0.010166291375146214
570,bitstamp/SOLUSD - ftx/SOL-PERP,17,0.003959539630371522
571,bitstamp/SOLUSD - ftx/SOL-PERP,18,-0.014019016064881307
572,bitstamp/SOLUSD - ftx/SOL-PERP,19,0.0225697149844807
573,bitstamp/SOLUSD - ftx/SOL-PERP,20,-0.006785530023374993
574,bitstamp/SOLUSD - ftx/SOL/USD,-20,0.014023696561237352
575,bitstamp/SOLUSD - ftx/SOL/USD,-19,-0.009651273739185529
576,bitstamp/SOLUSD - ftx/SOL/USD,-18,-0.01742304084072307
577,bitstamp/SOLUSD - ftx/SOL/USD,-17,0.007513046595120891
578,bitstamp/SOLUSD - ftx/SOL/USD,-16,0.016373682210995597
579,bitstamp/SOLUSD - ftx/SOL/USD,-15,-0.007840016763676766
580,bitstamp/SOLUSD - ftx/SOL/USD,-14,-0.0011393811247995265
581,bitstamp/SOLUSD - ftx/SOL/USD,-13,-0.00025133893889252735
582,bitstamp/SOLUSD - ftx/SOL/USD,-12,0.006225295403649931
583,bitstamp/SOLUSD - ftx/SOL/USD,-11,-0.011210946595138311
584,bitstamp/SOLUSD - ftx/SOL/USD,-10,6.807742947163115e-06
585,bitstamp/SOLUSD - ftx/SOL/USD,-9,0.008228461752882632
586,bitstamp/SOLUSD - ftx/SOL/USD,-8,-0.009462165342864488
587,bitstamp/SOLUSD - ftx/SOL/USD,-7,-0.0037474350573117594
588,bitstamp/SOLUSD - ftx/SOL/USD,-6,-0.005833749116050099
589,bitstamp/SOLUSD - ftx/SOL/USD,-5,0.01092386441584286
590,bitstamp/SOLUSD - ftx/SOL/USD,-4,-0.008567057398666866
591,bitstamp/SOLUSD - ftx/SOL/USD,-3,0.007341006433880935
592,bitstamp/SOLUSD - ftx/SOL/USD,-2,0.003939037280012165
593,bitstamp/SOLUSD - ftx/SOL/USD,-1,0.015414376314261586
594,bitstamp/SOLUSD - ftx/SOL/USD,0,0.05079029877512964
595,bitstamp/SOLUSD - ftx/SOL/USD,1,0.031022385406405457
596,bitstamp/SOLUSD - ftx/SOL/USD,2,-0.007111888612088373
597,bitstamp/SOLUSD - ftx/SOL/USD,3,-0.004339110043308053
598,bitstamp/SOLUSD - ftx/SOL/USD,4,0.005592335700140613
599,bitstamp/SOLUSD - ftx/SOL/USD,5,-0.0014953506398207317
600,bitstamp/SOLUSD - ftx/SOL/USD,6,-0.0007702992963395375
601,bitstamp/SOLUSD - ftx/SOL/USD,7,-0.010294030085396571
602,bitstamp/SOLUSD - ftx/SOL/USD,8,0.008462719076612543
603,bitstamp/SOLUSD - ftx/SOL/USD,9,-0.003015914589907339
604,bitstamp/SOLUSD - ftx/SOL/USD,10,0.007553252956954625
605,bitstamp/SOLUSD - ftx/SOL/USD,11,-0.015423981004857697
606,bitstamp/SOLUSD - ftx/SOL/USD,12,-0.008753387026473946
607,bitstamp/SOLUSD - ftx/SOL/USD,13,0.015124929319759799
608,bitstamp/SOLUSD - ftx/SOL/USD,14,-0.006943315813526131
609,bitstamp/SOLUSD - ftx/SOL/USD,15,0.009119392911967063
610,bitstamp/SOLUSD - ftx/SOL/USD,16,0.0017364904455059304
611,bitstamp/SOLUSD - ftx/SOL/USD,17,-0.0027749069348431588
612,bitstamp/SOLUSD - ftx/SOL/USD,18,-0.01663424444632211
613,bitstamp/SOLUSD - ftx/SOL/USD,19,0.013517813264325815
614,bitstamp/SOLUSD - ftx/SOL/USD,20,-0.0007647108297732451
615,bitstamp/SOLUSD - gate-io/SOL_USDT,-20,-0.01154098744099454
616,bitstamp/SOLUSD - gate-io/SOL_USDT,-19,0.004857549125639189
617,bitstamp/SOLUSD - gate-io/SOL_USDT,-18,-0.034840192885582634
618,bitstamp/SOLUSD - gate-io/SOL_USDT,-17,0.014660074157501734
619,bitstamp/SOLUSD - gate-io/SOL_USDT,-16,0.006610939710744325
620,bitstamp/SOLUSD - gate-io/SOL_USDT,-15,-0.0005479232228339637
621,bitstamp/SOLUSD - gate-io/SOL_USDT,-14,-0.011271421104066197
622,bitstamp/SOLUSD - gate-io/SOL_USDT,-13,0.01091203924023762
623,bitstamp/SOLUSD - gate-io/SOL_USDT,-12,-0.007729195959940339
624,bitstamp/SOLUSD - gate-io/SOL_USDT,-11,-0.008809058582524424
625,bitstamp/SOLUSD - gate-io/SOL_USDT,-10,0.018085441761860114
626,bitstamp/SOLUSD - gate-io/SOL_USDT,-9,-0.01454618022883644
627,bitstamp/SOLUSD - gate-io/SOL_USDT,-8,0.00447678847634407
628,bitstamp/SOLUSD - gate-io/SOL_USDT,-7,-0.02443925777751264
629,bitstamp/SOLUSD - gate-io/SOL_USDT,-6,0.012462536197683921
630,bitstamp/SOLUSD - gate-io/SOL_USDT,-5,-0.010271551489204854
631,bitstamp/SOLUSD - gate-io/SOL_USDT,-4,0.001587991484523862
632,bitstamp/SOLUSD - gate-io/SOL_USDT,-3,0.017595495679414142
633,bitstamp/SOLUSD - gate-io/SOL_USDT,-2,-0.014648159745823315
634,bitstamp/SOLUSD - gate-io/SOL_USDT,-1,0.08177245871020712
635,bitstamp/SOLUSD - gate-io/SOL_USDT,0,0.2156611659118181
636,bitstamp/SOLUSD - gate-io/SOL_USDT,1,0.08694166953960848
637,bitstamp/SOLUSD - gate-io/SOL_USDT,2,-0.019104231183085633
638,bitstamp/SOLUSD - gate-io/SOL_USDT,3,-0.0005544682670986568
639,bitstamp/SOLUSD - gate-io/SOL_USDT,4,0.02575416647820615
640,bitstamp/SOLUSD - gate-io/SOL_USDT,5,-0.014563209280384584
641,bitstamp/SOLUSD - gate-io/SOL_USDT,6,0.00829986783728324
642,bitstamp/SOLUSD - gate-io/SOL_USDT,7,-0.011355525530727434
643,bitstamp/SOLUSD - gate-io/SOL_USDT,8,-0.016537340524883228
644,bitstamp/SOLUSD - gate-io/SOL_USDT,9,0.0023274215969606997
645,bitstamp/SOLUSD - gate-io/SOL_USDT,10,0.004716483427677247
646,bitstamp/SOLUSD - gate-io/SOL_USDT,11,-0.005982845305428119
647,bitstamp/SOLUSD - gate-io/SOL_USDT,12,-0.011744316298006072
648,bitstamp/SOLUSD - gate-io/SOL_USDT,13,0.005145304794220644
649,bitstamp/SOLUSD - gate-io/SOL_USDT,14,-0.005583448109932447
650,bitstamp/SOLUSD - gate-io/SOL_USDT,15,-0.0017679675282189326
651,bitstamp/SOLUSD - gate-io/SOL_USDT,16,0.005316961497481133
652,bitstamp/SOLUSD - gate-io/SOL_USDT,17,0.009089867055826574
653,bitstamp/SOLUSD - gate-io/SOL_USDT,18,0.005448100853372429
654,bitstamp/SOLUSD - gate-io/SOL_USDT,19,0.0018275924486784295
655,bitstamp/SOLUSD - gate-io/SOL_USDT,20,-0.008664521398162012
656,bitstamp/SOLUSD - okex-swap/SOL-USDT-SWAP,-20,-0.0022964944024096916
657,bitstamp/SOLUSD - okex-swap/SOL-USDT-SWAP,-19,-0.009796291494140425
658,bitstamp/SOLUSD - okex-swap/SOL-USDT-SWAP,-18,-0.0399070789622131
659,bitstamp/SOLUSD - okex-swap/SOL-USDT-SWAP,-17,0.030602560748583092
660,bitstamp/SOLUSD - okex-swap/SOL-USDT-SWAP,-16,0.004996450032795864
661,bitstamp/SOLUSD - okex-swap/SOL-USDT-SWAP,-15,0.005739904375912578
662,bitstamp/SOLUSD - okex-swap/SOL-USDT-SWAP,-14,-0.02919942005451201
663,bitstamp/SOLUSD - okex-swap/SOL-USDT-SWAP,-13,0.006837717448117934
664,bitstamp/SOLUSD - okex-swap/SOL-USDT-SWAP,-12,0.011122612419205608
665,bitstamp/SOLUSD - okex-swap/SOL-USDT-SWAP,-11,-0.004587213960964197
666,bitstamp/SOLUSD - okex-swap/SOL-USDT-SWAP,-10,0.012207834418196156
667,bitstamp/SOLUSD - okex-swap/SOL-USDT-SWAP,-9,-0.014184515446760387
668,bitstamp/SOLUSD - okex-swap/SOL-USDT-SWAP,-8,0.002473509363433762
669,bitstamp/SOLUSD - okex-swap/SOL-USDT-SWAP,-7,-0.02863905278763053
670,bitstamp/SOLUSD - okex-swap/SOL-USDT-SWAP,-6,0.007000198576182216
671,bitstamp/SOLUSD - okex-swap/SOL-USDT-SWAP,-5,-0.01712091246896716
672,bitstamp/SOLUSD - okex-swap/SOL-USDT-SWAP,-4,0.005468221663237244
673,bitstamp/SOLUSD - okex-swap/SOL-USDT-SWAP,-3,0.04423371906527302
674,bitstamp/SOLUSD - okex-swap/SOL-USDT-SWAP,-2,-0.020269377666959652
675,bitstamp/SOLUSD - okex-swap/SOL-USDT-SWAP,-1,0.09166160226029285
676,bitstamp/SOLUSD - okex-swap/SOL-USDT-SWAP,0,0.21175484044471737
677,bitstamp/SOLUSD - okex-swap/SOL-USDT-SWAP,1,0.07980851271799713
678,bitstamp/SOLUSD - okex-swap/SOL-USDT-SWAP,2,-0.036535311879792115
679,bitstamp/SOLUSD - okex-swap/SOL-USDT-SWAP,3,0.0031553298424309207
680,bitstamp/SOLUSD - okex-swap/SOL-USDT-SWAP,4,0.018931421476950313
681,bitstamp/SOLUSD - okex-swap/SOL-USDT-SWAP,5,-0.005247911531003048
682,bitstamp/SOLUSD - okex-swap/SOL-USDT-SWAP,6,-0.014864095537979858
683,bitstamp/SOLUSD - okex-swap/SOL-USDT-SWAP,7,-0.0071705465566329766
684,bitstamp/SOLUSD - okex-swap/SOL-USDT-SWAP,8,-0.011126010828604236
685,bitstamp/SOLUSD - okex-swap/SOL-USDT-SWAP,9,0.00599062245529312
686,bitstamp/SOLUSD - okex-swap/SOL-USDT-SWAP,10,9.37255415467697e-08
687,bitstamp/SOLUSD - okex-swap/SOL-USDT-SWAP,11,-0.0013037903059102411
688,bitstamp/SOLUSD - okex-swap/SOL-USDT-SWAP,12,-0.012240074834026652
689,bitstamp/SOLUSD - okex-swap/SOL-USDT-SWAP,13,0.006456972449998942
690,bitstamp/SOLUSD - okex-swap/SOL-USDT-SWAP,14,0.014365159016001869
691,bitstamp/SOLUSD - okex-swap/SOL-USDT-SWAP,15,-0.008208109094987925
692,bitstamp/SOLUSD - okex-swap/SOL-USDT-SWAP,16,-0.003315217716480296
693,bitstamp/SOLUSD - okex-swap/SOL-USDT-SWAP,17,0.029412482523113837
694,bitstamp/SOLUSD - okex-swap/SOL-USDT-SWAP,18,-0.00525070646897947
695,bitstamp/SOLUSD - okex-swap/SOL-USDT-SWAP,19,0.0076834563660514105
696,bitstamp/SOLUSD - okex-swap/SOL-USDT-SWAP,20,-0.009768164417217798
697,bitstamp/SOLUSD - okex/SOL-USDT,-20,-0.008973181394975745
698,bitstamp/SOLUSD - okex/SOL-USDT,-19,-0.0023579710349780417
699,bitstamp/SOLUSD - okex/SOL-USDT,-18,-0.02914282008341075
700,bitstamp/SOLUSD - okex/SOL-USDT,-17,0.007799573363447892
701,bitstamp/SOLUSD - okex/SOL-USDT,-16,0.012760083694922666
702,bitstamp/SOLUSD - okex/SOL-USDT,-15,-0.0017198983693407835
703,bitstamp/SOLUSD - okex/SOL-USDT,-14,-0.016286193132313075
704,bitstamp/SOLUSD - okex/SOL-USDT,-13,0.015224198659908287
705,bitstamp/SOLUSD - okex/SOL-USDT,-12,-0.004257223059635832
706,bitstamp/SOLUSD - okex/SOL-USDT,-11,-0.009620429651771798
707,bitstamp/SOLUSD - okex/SOL-USDT,-10,0.018805150145385773
708,bitstamp/SOLUSD - okex/SOL-USDT,-9,-0.01594393482113658
709,bitstamp/SOLUSD - okex/SOL-USDT,-8,0.009780951579275771
710,bitstamp/SOLUSD - okex/SOL-USDT,-7,-0.026876942532753634
711,bitstamp/SOLUSD - okex/SOL-USDT,-6,0.008457854144450194
712,bitstamp/SOLUSD - okex/SOL-USDT,-5,-0.01760007496032695
713,bitstamp/SOLUSD - okex/SOL-USDT,-4,0.017476982484987066
714,bitstamp/SOLUSD - okex/SOL-USDT,-3,0.015537298299547713
715,bitstamp/SOLUSD - okex/SOL-USDT,-2,-0.024498153229147335
716,bitstamp/SOLUSD - okex/SOL-USDT,-1,0.10296990422323327
717,bitstamp/SOLUSD - okex/SOL-USDT,0,0.23884685236096187
718,bitstamp/SOLUSD - okex/SOL-USDT,1,0.08505680329587034
719,bitstamp/SOLUSD - okex/SOL-USDT,2,-0.02142850676413888
720,bitstamp/SOLUSD - okex/SOL-USDT,3,0.0023110331004364843
721,bitstamp/SOLUSD - okex/SOL-USDT,4,0.017382727361742897
722,bitstamp/SOLUSD - okex/SOL-USDT,5,0.00011266345920998138
723,bitstamp/SOLUSD - okex/SOL-USDT,6,-0.00926942273835911
724,bitstamp/SOLUSD - okex/SOL-USDT,7,-0.009983309701853963
725,bitstamp/SOLUSD - okex/SOL-USDT,8,-0.007748407795907034
726,bitstamp/SOLUSD - okex/SOL-USDT,9,0.007090535538878016
727,bitstamp/SOLUSD - okex/SOL-USDT,10,0.0012183129064198281
728,bitstamp/SOLUSD - okex/SOL-USDT,11,0.0057961396588191326
729,bitstamp/SOLUSD - okex/SOL-USDT,12,-0.020942685525972067
730,bitstamp/SOLUSD - okex/SOL-USDT,13,0.0010770683257858313
731,bitstamp/SOLUSD - okex/SOL-USDT,14,0.0004841639586673319
732,bitstamp/SOLUSD - okex/SOL-USDT,15,-0.0013774246886981503
733,bitstamp/SOLUSD - okex/SOL-USDT,16,0.0011189955111203162
734,bitstamp/SOLUSD - okex/SOL-USDT,17,0.007824093825499935
735,bitstamp/SOLUSD - okex/SOL-USDT,18,0.01313248359152725
736,bitstamp/SOLUSD - okex/SOL-USDT,19,-0.0014156121688738022
737,bitstamp/SOLUSD - okex/SOL-USDT,20,-0.0145374417736646
738,ftx/SOL-PERP - ftx/SOL/USD,-20,0.00795394955360096
739,ftx/SOL-PERP - ftx/SOL/USD,-19,-0.04176888654781795
740,ftx/SOL-PERP - ftx/SOL/USD,-18,0.019374972437189632
741,ftx/SOL-PERP - ftx/SOL/USD,-17,0.008535262352553417
742,ftx/SOL-PERP - ftx/SOL/USD,-16,-0.0014664457921085426
743,ftx/SOL-PERP - ftx/SOL/USD,-15,0.015976903169404286
744,ftx/SOL-PERP - ftx/SOL/USD,-14,-0.00585347900527484
745,ftx/SOL-PERP - ftx/SOL/USD,-13,0.0037056056708052515
746,ftx/SOL-PERP - ftx/SOL/USD,-12,0.002058477537475084
747,ftx/SOL-PERP - ftx/SOL/USD,-11,-0.0109346260939298
748,ftx/SOL-PERP - ftx/SOL/USD,-10,-0.0047806729394144635
749,ftx/SOL-PERP - ftx/SOL/USD,-9,0.010181194123296558
750,ftx/SOL-PERP - ftx/SOL/USD,-8,-0.007636108605958676
751,ftx/SOL-PERP - ftx/SOL/USD,-7,-0.016254343901554214
752,ftx/SOL-PERP - ftx/SOL/USD,-6,-0.005463035448023989
753,ftx/SOL-PERP - ftx/SOL/USD,-5,0.000123602794319111
754,ftx/SOL-PERP - ftx/SOL/USD,-4,0.003185251995439986
755,ftx/SOL-PERP - ftx/SOL/USD,-3,-0.004128334463327669
756,ftx/SOL-PERP - ftx/SOL/USD,-2,0.008261483120707274
757,ftx/SOL-PERP - ftx/SOL/USD,-1,0.026272622873254936
758,ftx/SOL-PERP - ftx/SOL/USD,0,0.20592950329965087
759,ftx/SOL-PERP - ftx/SOL/USD,1,0.043954034015452476
760,ftx/SOL-PERP - ftx/SOL/USD,2,-0.010163986896569504
761,ftx/SOL-PERP - ftx/SOL/USD,3,-0.007550329901934625
762,ftx/SOL-PERP - ftx/SOL/USD,4,-0.0025726499586395655
763,ftx/SOL-PERP - ftx/SOL/USD,5,0.0038477608861160633
764,ftx/SOL-PERP - ftx/SOL/USD,6,-0.011537182912145552
765,ftx/SOL-PERP - ftx/SOL/USD,7,-0.011159366808897871
766,ftx/SOL-PERP - ftx/SOL/USD,8,0.0017424119215630853
767,ftx/SOL-PERP - ftx/SOL/USD,9,-0.013215748317200548
768,ftx/SOL-PERP - ftx/SOL/USD,10,0.004387446202328953
769,ftx/SOL-PERP - ftx/SOL/USD,11,-0.011723769182134474
770,ftx/SOL-PERP - ftx/SOL/USD,12,0.00032941207489112467
771,ftx/SOL-PERP - ftx/SOL/USD,13,0.004731989767439248
772,ftx/SOL-PERP - ftx/SOL/USD,14,-0.011961235054095043
773,ftx/SOL-PERP - ftx/SOL/USD,15,0.016547907931625232
774,ftx/SOL-PERP - ftx/SOL/USD,16,0.002453544883205813
775,ftx/SOL-PERP - ftx/SOL/USD,17,-0.02286593945901846
776,ftx/SOL-PERP - ftx/SOL/USD,18,0.015691375197602872
777,ftx/SOL-PERP - ftx/SOL/USD,19,0.0001413551177131787
778,ftx/SOL-PERP - ftx/SOL/USD,20,-0.0030817141873139566
779,ftx/SOL-PERP - gate-io/SOL_USDT,-20,-0.0007014459447660506
780,ftx/SOL-PERP - gate-io/SOL_USDT,-19,-0.0079988909673795
781,ftx/SOL-PERP - gate-io/SOL_USDT,-18,-0.0022556790412898656
782,ftx/SOL-PERP - gate-io/SOL_USDT,-17,0.013793180170471118
783,ftx/SOL-PERP - gate-io/SOL_USDT,-16,0.0031838019094968637
784,ftx/SOL-PERP - gate-io/SOL_USDT,-15,0.02921250160264456
785,ftx/SOL-PERP - gate-io/SOL_USDT,-14,0.006458399116037645
786,ftx/SOL-PERP - gate-io/SOL_USDT,-13,-0.013164042141551525
787,ftx/SOL-PERP - gate-io/SOL_USDT,-12,-0.014472108468865373
788,ftx/SOL-PERP - gate-io/SOL_USDT,-11,0.0044772666071061125
789,ftx/SOL-PERP - gate-io/SOL_USDT,-10,0.0035608442519724855
790,ftx/SOL-PERP - gate-io/SOL_USDT,-9,-0.008771202898595232
791,ftx/SOL-PERP - gate-io/SOL_USDT,-8,-0.03563578172501859
792,ftx/SOL-PERP - gate-io/SOL_USDT,-7,-0.021651326879786395
793,ftx/SOL-PERP - gate-io/SOL_USDT,-6,-0.009933747154949981
794,ftx/SOL-PERP - gate-io/SOL_USDT,-5,-0.0089348958064264
795,ftx/SOL-PERP - gate-io/SOL_USDT,-4,0.02435338538792718
796,ftx/SOL-PERP - gate-io/SOL_USDT,-3,0.008389504411572796
797,ftx/SOL-PERP - gate-io/SOL_USDT,-2,-0.012958747717918224
798,ftx/SOL-PERP - gate-io/SOL_USDT,-1,0.1747381293308635
799,ftx/SOL-PERP - gate-io/SOL_USDT,0,0.5887081235276558
800,ftx/SOL-PERP - gate-io/SOL_USDT,1,0.15347853106399076
801,ftx/SOL-PERP - gate-io/SOL_USDT,2,-0.027007979999148193
802,ftx/SOL-PERP - gate-io/SOL_USDT,3,-0.005292939933420645
803,ftx/SOL-PERP - gate-io/SOL_USDT,4,-0.000888367228141771
804,ftx/SOL-PERP - gate-io/SOL_USDT,5,0.019384862993342893
805,ftx/SOL-PERP - gate-io/SOL_USDT,6,-0.004859948402866794
806,ftx/SOL-PERP - gate-io/SOL_USDT,7,-0.018172189592521697
807,ftx/SOL-PERP - gate-io/SOL_USDT,8,-0.022216897567008172
808,ftx/SOL-PERP - gate-io/SOL_USDT,9,-0.011189686376305626
809,ftx/SOL-PERP - gate-io/SOL_USDT,10,0.007171432813337246
810,ftx/SOL-PERP - gate-io/SOL_USDT,11,-0.01769872009531695
811,ftx/SOL-PERP - gate-io/SOL_USDT,12,-0.0019569431851405683
812,ftx/SOL-PERP - gate-io/SOL_USDT,13,-0.020616195830597962
813,ftx/SOL-PERP - gate-io/SOL_USDT,14,0.00203504944977102
814,ftx/SOL-PERP - gate-io/SOL_USDT,15,0.003362780286336578
815,ftx/SOL-PERP - gate-io/SOL_USDT,16,0.014790196066627842
816,ftx/SOL-PERP - gate-io/SOL_USDT,17,0.0018845348770979244
817,ftx/SOL-PERP - gate-io/SOL_USDT,18,0.0004058258911091725
818,ftx/SOL-PERP - gate-io/SOL_USDT,19,-0.014066584765492789
819,ftx/SOL-PERP - gate-io/SOL_USDT,20,-0.004453381457446329
820,ftx/SOL-PERP - okex-swap/SOL-USDT-SWAP,-20,0.0004280162239310622
821,ftx/SOL-PERP - okex-swap/SOL-USDT-SWAP,-19,-0.0032983710397435366
822,ftx/SOL-PERP - okex-swap/SOL-USDT-SWAP,-18,-0.002988047591441734
823,ftx/SOL-PERP - okex-swap/SOL-USDT-SWAP,-17,0.022385136882136503
824,ftx/SOL-PERP - okex-swap/SOL-USDT-SWAP,-16,0.019003147590851716
825,ftx/SOL-PERP - okex-swap/SOL-USDT-SWAP,-15,0.02615077669621416
826,ftx/SOL-PERP - okex-swap/SOL-USDT-SWAP,-14,0.0157297128501825
827,ftx/SOL-PERP - okex-swap/SOL-USDT-SWAP,-13,-0.01846662823628133
828,ftx/SOL-PERP - okex-swap/SOL-USDT-SWAP,-12,-0.017197311598587565
829,ftx/SOL-PERP - okex-swap/SOL-USDT-SWAP,-11,-0.01013312857277807
830,ftx/SOL-PERP - okex-swap/SOL-USDT-SWAP,-10,0.008771669642741934
831,ftx/SOL-PERP - okex-swap/SOL-USDT-SWAP,-9,-0.010884704911541252
832,ftx/SOL-PERP - okex-swap/SOL-USDT-SWAP,-8,-0.04910571021056678
833,ftx/SOL-PERP - okex-swap/SOL-USDT-SWAP,-7,-0.024451917836973945
834,ftx/SOL-PERP - okex-swap/SOL-USDT-SWAP,-6,-0.009073831391071962
835,ftx/SOL-PERP - okex-swap/SOL-USDT-SWAP,-5,0.010794167857465183
836,ftx/SOL-PERP - okex-swap/SOL-USDT-SWAP,-4,0.03433852871924155
837,ftx/SOL-PERP - okex-swap/SOL-USDT-SWAP,-3,0.00302465215321489
838,ftx/SOL-PERP - okex-swap/SOL-USDT-SWAP,-2,-0.0025425572184112175
839,ftx/SOL-PERP - okex-swap/SOL-USDT-SWAP,-1,0.19214431481573088
840,ftx/SOL-PERP - okex-swap/SOL-USDT-SWAP,0,0.6708698959149256
841,ftx/SOL-PERP - okex-swap/SOL-USDT-SWAP,1,0.09667615532157979
842,ftx/SOL-PERP - okex-swap/SOL-USDT-SWAP,2,-0.045617490806165964
843,ftx/SOL-PERP - okex-swap/SOL-USDT-SWAP,3,-0.015238372202196348
844,ftx/SOL-PERP - okex-swap/SOL-USDT-SWAP,4,0.0033583736324899987
845,ftx/SOL-PERP - okex-swap/SOL-USDT-SWAP,5,0.022268614290779663
846,ftx/SOL-PERP - okex-swap/SOL-USDT-SWAP,6,-0.02679220591879804
847,ftx/SOL-PERP - okex-swap/SOL-USDT-SWAP,7,-0.015777419528494194
848,ftx/SOL-PERP - okex-swap/SOL-USDT-SWAP,8,-0.036677287902256564
849,ftx/SOL-PERP - okex-swap/SOL-USDT-SWAP,9,-0.004571064695572977
850,ftx/SOL-PERP - okex-swap/SOL-USDT-SWAP,10,0.009141151355785615
851,ftx/SOL-PERP - okex-swap/SOL-USDT-SWAP,11,-0.00042494402689161097
852,ftx/SOL-PERP - okex-swap/SOL-USDT-SWAP,12,-0.003889417177552484
853,ftx/SOL-PERP - okex-swap/SOL-USDT-SWAP,13,-0.020144900414690258
854,ftx/SOL-PERP - okex-swap/SOL-USDT-SWAP,14,0.016217820253173917
855,ftx/SOL-PERP - okex-swap/SOL-USDT-SWAP,15,0.006920032373483996
856,ftx/SOL-PERP - okex-swap/SOL-USDT-SWAP,16,0.006832519193646083
857,ftx/SOL-PERP - okex-swap/SOL-USDT-SWAP,17,0.016603820327606045
858,ftx/SOL-PERP - okex-swap/SOL-USDT-SWAP,18,-0.005459453826029289
859,ftx/SOL-PERP - okex-swap/SOL-USDT-SWAP,19,-0.012435996097654894
860,ftx/SOL-PERP - okex-swap/SOL-USDT-SWAP,20,0.0015397144654905478
861,ftx/SOL-PERP - okex/SOL-USDT,-20,-0.004714856109799511
862,ftx/SOL-PERP - okex/SOL-USDT,-19,0.0013553464519537452
863,ftx/SOL-PERP - okex/SOL-USDT,-18,-0.009585101066261101
864,ftx/SOL-PERP - okex/SOL-USDT,-17,0.008589539047839727
865,ftx/SOL-PERP - okex/SOL-USDT,-16,0.0040511063408148916
866,ftx/SOL-PERP - okex/SOL-USDT,-15,0.03249140266255809
867,ftx/SOL-PERP - okex/SOL-USDT,-14,0.00487645392514787
868,ftx/SOL-PERP - okex/SOL-USDT,-13,-0.018606915191144057
869,ftx/SOL-PERP - okex/SOL-USDT,-12,-0.004415094798647992
870,ftx/SOL-PERP - okex/SOL-USDT,-11,0.0028066479745021905
871,ftx/SOL-PERP - okex/SOL-USDT,-10,0.006760315967846249
872,ftx/SOL-PERP - okex/SOL-USDT,-9,-0.009898118555609904
873,ftx/SOL-PERP - okex/SOL-USDT,-8,-0.034637119459236435
874,ftx/SOL-PERP - okex/SOL-USDT,-7,-0.02613640171828039
875,ftx/SOL-PERP - okex/SOL-USDT,-6,-0.015944746540904327
876,ftx/SOL-PERP - okex/SOL-USDT,-5,0.0032997096672355442
877,ftx/SOL-PERP - okex/SOL-USDT,-4,0.026392429456723102
878,ftx/SOL-PERP - okex/SOL-USDT,-3,0.0010950103021930887
879,ftx/SOL-PERP - okex/SOL-USDT,-2,-0.008868964980155016
880,ftx/SOL-PERP - okex/SOL-USDT,-1,0.1918405695182893
881,ftx/SOL-PERP - okex/SOL-USDT,0,0.6872196504643108
882,ftx/SOL-PERP - okex/SOL-USDT,1,0.1341916377212386
883,ftx/SOL-PERP - okex/SOL-USDT,2,-0.03625942601653555
884,ftx/SOL-PERP - okex/SOL-USDT,3,-0.010761469761659568
885,ftx/SOL-PERP - okex/SOL-USDT,4,0.0033341253221154375
886,ftx/SOL-PERP - okex/SOL-USDT,5,0.0260428813078896
887,ftx/SOL-PERP - okex/SOL-USDT,6,-0.02036481118189392
888,ftx/SOL-PERP - okex/SOL-USDT,7,-0.027984133301751438
889,ftx/SOL-PERP - okex/SOL-USDT,8,-0.024988988090394466
890,ftx/SOL-PERP - okex/SOL-USDT,9,0.0034058123874045687
891,ftx/SOL-PERP - okex/SOL-USDT,10,0.0071828996115676814
892,ftx/SOL-PERP - okex/SOL-USDT,11,-0.0007053956726226415
893,ftx/SOL-PERP - okex/SOL-USDT,12,0.0017633016279262894
894,ftx/SOL-PERP - okex/SOL-USDT,13,-0.02710366262343387
895,ftx/SOL-PERP - okex/SOL-USDT,14,-0.0012060266873112082
896,ftx/SOL-PERP - okex/SOL-USDT,15,0.01221849883952971
897,ftx/SOL-PERP - okex/SOL-USDT,16,0.0035573241470929595
898,ftx/SOL-PERP - okex/SOL-USDT,17,0.0004378286253642854
899,ftx/SOL-PERP - okex/SOL-USDT,18,-0.003055836481853142
900,ftx/SOL-PERP - okex/SOL-USDT,19,0.0018170976322345058
901,ftx/SOL-PERP - okex/SOL-USDT,20,-0.011649145818590185
902,ftx/SOL/USD - gate-io/SOL_USDT,-20,-0.0005577745302147353
903,ftx/SOL/USD - gate-io/SOL_USDT,-19,0.00452938232259982
904,ftx/SOL/USD - gate-io/SOL_USDT,-18,-0.010202617619779135
905,ftx/SOL/USD - gate-io/SOL_USDT,-17,0.008327549933276463
906,ftx/SOL/USD - gate-io/SOL_USDT,-16,-0.008938755899779284
907,ftx/SOL/USD - gate-io/SOL_USDT,-15,0.011317231000486493
908,ftx/SOL/USD - gate-io/SOL_USDT,-14,0.005388017799635572
909,ftx/SOL/USD - gate-io/SOL_USDT,-13,-0.006983075548217054
910,ftx/SOL/USD - gate-io/SOL_USDT,-12,-0.0026636856844938594
911,ftx/SOL/USD - gate-io/SOL_USDT,-11,-0.004469286468580395
912,ftx/SOL/USD - gate-io/SOL_USDT,-10,0.0023556451657138363
913,ftx/SOL/USD - gate-io/SOL_USDT,-9,0.0026403548755770286
914,ftx/SOL/USD - gate-io/SOL_USDT,-8,-0.003969285543525688
915,ftx/SOL/USD - gate-io/SOL_USDT,-7,-0.016083014749741865
916,ftx/SOL/USD - gate-io/SOL_USDT,-6,-0.013779925064625907
917,ftx/SOL/USD - gate-io/SOL_USDT,-5,0.006123379625198574
918,ftx/SOL/USD - gate-io/SOL_USDT,-4,0.002258892653699081
919,ftx/SOL/USD - gate-io/SOL_USDT,-3,-0.011909405526433369
920,ftx/SOL/USD - gate-io/SOL_USDT,-2,-0.018868643008248535
921,ftx/SOL/USD - gate-io/SOL_USDT,-1,0.0745884691218184
922,ftx/SOL/USD - gate-io/SOL_USDT,0,0.17819783178529502
923,ftx/SOL/USD - gate-io/SOL_USDT,1,0.04021653006423273
924,ftx/SOL/USD - gate-io/SOL_USDT,2,0.00991596449480071
925,ftx/SOL/USD - gate-io/SOL_USDT,3,-0.009251654082349835
926,ftx/SOL/USD - gate-io/SOL_USDT,4,0.0011187970120234377
927,ftx/SOL/USD - gate-io/SOL_USDT,5,-0.0027735086620409707
928,ftx/SOL/USD - gate-io/SOL_USDT,6,-0.012153374234132933
929,ftx/SOL/USD - gate-io/SOL_USDT,7,0.000970651860905718
930,ftx/SOL/USD - gate-io/SOL_USDT,8,-0.012523441429159343
931,ftx/SOL/USD - gate-io/SOL_USDT,9,0.0062446256585498286
932,ftx/SOL/USD - gate-io/SOL_USDT,10,-0.0057712262187796575
933,ftx/SOL/USD - gate-io/SOL_USDT,11,-0.008212785409731426
934,ftx/SOL/USD - gate-io/SOL_USDT,12,0.004686025574218313
935,ftx/SOL/USD - gate-io/SOL_USDT,13,-0.008608220937786978
936,ftx/SOL/USD - gate-io/SOL_USDT,14,0.016156966992705593
937,ftx/SOL/USD - gate-io/SOL_USDT,15,0.00645618269987894
938,ftx/SOL/USD - gate-io/SOL_USDT,16,0.0009845999300408695
939,ftx/SOL/USD - gate-io/SOL_USDT,17,0.004373301084611716
940,ftx/SOL/USD - gate-io/SOL_USDT,18,-0.006443821179056782
941,ftx/SOL/USD - gate-io/SOL_USDT,19,-0.003940050153225703
942,ftx/SOL/USD - gate-io/SOL_USDT,20,-0.011870328053516618
943,ftx/SOL/USD - okex-swap/SOL-USDT-SWAP,-20,0.0018656026502096165
944,ftx/SOL/USD - okex-swap/SOL-USDT-SWAP,-19,0.004424579603143036
945,ftx/SOL/USD - okex-swap/SOL-USDT-SWAP,-18,-0.0037634701895328943
946,ftx/SOL/USD - okex-swap/SOL-USDT-SWAP,-17,-2.2009066852923183e-05
947,ftx/SOL/USD - okex-swap/SOL-USDT-SWAP,-16,-0.006213153369580142
948,ftx/SOL/USD - okex-swap/SOL-USDT-SWAP,-15,0.013289965231374806
949,ftx/SOL/USD - okex-swap/SOL-USDT-SWAP,-14,-0.0011947099693047302
950,ftx/SOL/USD - okex-swap/SOL-USDT-SWAP,-13,-0.0051319456272953395
951,ftx/SOL/USD - okex-swap/SOL-USDT-SWAP,-12,0.0002177210223581062
952,ftx/SOL/USD - okex-swap/SOL-USDT-SWAP,-11,-0.0053671906186537836
953,ftx/SOL/USD - okex-swap/SOL-USDT-SWAP,-10,0.0019094383338712356
954,ftx/SOL/USD - okex-swap/SOL-USDT-SWAP,-9,-0.0008394872110084542
955,ftx/SOL/USD - okex-swap/SOL-USDT-SWAP,-8,-0.0142679428975206
956,ftx/SOL/USD - okex-swap/SOL-USDT-SWAP,-7,-0.013805501832410921
957,ftx/SOL/USD - okex-swap/SOL-USDT-SWAP,-6,-0.01021018938735028
958,ftx/SOL/USD - okex-swap/SOL-USDT-SWAP,-5,0.007392556294843281
959,ftx/SOL/USD - okex-swap/SOL-USDT-SWAP,-4,0.006213522969026819
960,ftx/SOL/USD - okex-swap/SOL-USDT-SWAP,-3,-0.009182234699992225
961,ftx/SOL/USD - okex-swap/SOL-USDT-SWAP,-2,-0.010237676089117858
962,ftx/SOL/USD - okex-swap/SOL-USDT-SWAP,-1,0.07222453043110842
963,ftx/SOL/USD - okex-swap/SOL-USDT-SWAP,0,0.19398164892673572
964,ftx/SOL/USD - okex-swap/SOL-USDT-SWAP,1,0.02443518862181193
965,ftx/SOL/USD - okex-swap/SOL-USDT-SWAP,2,-0.004997263686931654
966,ftx/SOL/USD - okex-swap/SOL-USDT-SWAP,3,-0.0019515472106540167
967,ftx/SOL/USD - okex-swap/SOL-USDT-SWAP,4,-0.009093549382393604
968,ftx/SOL/USD - okex-swap/SOL-USDT-SWAP,5,-0.0010443741250306775
969,ftx/SOL/USD - okex-swap/SOL-USDT-SWAP,6,-0.011421322898422728
970,ftx/SOL/USD - okex-swap/SOL-USDT-SWAP,7,-0.0057639602649613795
971,ftx/SOL/USD - okex-swap/SOL-USDT-SWAP,8,-0.009838028228343931
972,ftx/SOL/USD - okex-swap/SOL-USDT-SWAP,9,0.010435300189683947
973,ftx/SOL/USD - okex-swap/SOL-USDT-SWAP,10,-0.0017013634506396701
974,ftx/SOL/USD - okex-swap/SOL-USDT-SWAP,11,-0.007188779240079627
975,ftx/SOL/USD - okex-swap/SOL-USDT-SWAP,12,0.009669345818647685
976,ftx/SOL/USD - okex-swap/SOL-USDT-SWAP,13,0.0010671189333208903
977,ftx/SOL/USD - okex-swap/SOL-USDT-SWAP,14,0.014393469394476565
978,ftx/SOL/USD - okex-swap/SOL-USDT-SWAP,15,0.007895538430592673
979,ftx/SOL/USD - okex-swap/SOL-USDT-SWAP,16,0.0018740926146255498
980,ftx/SOL/USD - okex-swap/SOL-USDT-SWAP,17,0.005642676515654569
981,ftx/SOL/USD - okex-swap/SOL-USDT-SWAP,18,-0.012416943057889353
982,ftx/SOL/USD - okex-swap/SOL-USDT-SWAP,19,0.0032160206793967845
983,ftx/SOL/USD - okex-swap/SOL-USDT-SWAP,20,-0.01805363721065322
984,ftx/SOL/USD - okex/SOL-USDT,-20,0.0008130696134269336
985,ftx/SOL/USD - okex/SOL-USDT,-19,-0.0016969079973677937
986,ftx/SOL/USD - okex/SOL-USDT,-18,-0.0022548418232005043
987,ftx/SOL/USD - okex/SOL-USDT,-17,-0.00018174440513866043
988,ftx/SOL/USD - okex/SOL-USDT,-16,-0.004211312583555455
989,ftx/SOL/USD - okex/SOL-USDT,-15,0.010452219035190273
990,ftx/SOL/USD - okex/SOL-USDT,-14,0.0008418884834797296
991,ftx/SOL/USD - okex/SOL-USDT,-13,-0.0006992017178383595
992,ftx/SOL/USD - okex/SOL-USDT,-12,-0.0009477548525798354
993,ftx/SOL/USD - okex/SOL-USDT,-11,-0.008057172949625564
994,ftx/SOL/USD - okex/SOL-USDT,-10,0.003986217337534647
995,ftx/SOL/USD - okex/SOL-USDT,-9,0.0018598189087848315
996,ftx/SOL/USD - okex/SOL-USDT,-8,-0.00929605268926185
997,ftx/SOL/USD - okex/SOL-USDT,-7,-0.012422068800295708
998,ftx/SOL/USD - okex/SOL-USDT,-6,-0.012861358266596472
999,ftx/SOL/USD - okex/SOL-USDT,-5,0.002185246042390028
1000,ftx/SOL/USD - okex/SOL-USDT,-4,0.006820415846934141
1001,ftx/SOL/USD - okex/SOL-USDT,-3,-0.01339260225731266
1002,ftx/SOL/USD - okex/SOL-USDT,-2,-0.01854657891698337
1003,ftx/SOL/USD - okex/SOL-USDT,-1,0.07378117928624658
1004,ftx/SOL/USD - okex/SOL-USDT,0,0.21181432398371772
1005,ftx/SOL/USD - okex/SOL-USDT,1,0.03881989142462201
1006,ftx/SOL/USD - okex/SOL-USDT,2,-0.0013480957118261686
1007,ftx/SOL/USD - okex/SOL-USDT,3,-0.003910736309378799
1008,ftx/SOL/USD - okex/SOL-USDT,4,-0.004628082484743534
1009,ftx/SOL/USD - okex/SOL-USDT,5,0.0006794576347166595
1010,ftx/SOL/USD - okex/SOL-USDT,6,-0.009512918549555672
1011,ftx/SOL/USD - okex/SOL-USDT,7,-0.0041703227890770075
1012,ftx/SOL/USD - okex/SOL-USDT,8,-0.011689284341806118
1013,ftx/SOL/USD - okex/SOL-USDT,9,0.015795432838274698
1014,ftx/SOL/USD - okex/SOL-USDT,10,-0.011467670164991063
1015,ftx/SOL/USD - okex/SOL-USDT,11,-0.009973006001017203
1016,ftx/SOL/USD - okex/SOL-USDT,12,0.010470201784922582
1017,ftx/SOL/USD - okex/SOL-USDT,13,-0.004978235005567102
1018,ftx/SOL/USD - okex/SOL-USDT,14,0.010339268286367092
1019,ftx/SOL/USD - okex/SOL-USDT,15,0.005233624606069579
1020,ftx/SOL/USD - okex/SOL-USDT,16,0.0013066642504356248
1021,ftx/SOL/USD - okex/SOL-USDT,17,0.0042808277170420595
1022,ftx/SOL/USD - okex/SOL-USDT,18,-0.0037909807230470795
1023,ftx/SOL/USD - okex/SOL-USDT,19,-0.0021990269256497185
1024,ftx/SOL/USD - okex/SOL-USDT,20,-0.02064672908566668
1025,gate-io/SOL_USDT - okex-swap/SOL-USDT-SWAP,-20,-0.006906526766726437
1026,gate-io/SOL_USDT - okex-swap/SOL-USDT-SWAP,-19,-0.020269288874217632
1027,gate-io/SOL_USDT - okex-swap/SOL-USDT-SWAP,-18,0.002302642286518157
1028,gate-io/SOL_USDT - okex-swap/SOL-USDT-SWAP,-17,0.007652152431868674
1029,gate-io/SOL_USDT - okex-swap/SOL-USDT-SWAP,-16,0.01401792785535359
1030,gate-io/SOL_USDT - okex-swap/SOL-USDT-SWAP,-15,0.0026395923084215774
1031,gate-io/SOL_USDT - okex-swap/SOL-USDT-SWAP,-14,0.01318921789198381
1032,gate-io/SOL_USDT - okex-swap/SOL-USDT-SWAP,-13,-0.008450599358301102
1033,gate-io/SOL_USDT - okex-swap/SOL-USDT-SWAP,-12,-0.008475331641709855
1034,gate-io/SOL_USDT - okex-swap/SOL-USDT-SWAP,-11,0.00174860651465236
1035,gate-io/SOL_USDT - okex-swap/SOL-USDT-SWAP,-10,0.004848687631178687
1036,gate-io/SOL_USDT - okex-swap/SOL-USDT-SWAP,-9,-0.015357579071622803
1037,gate-io/SOL_USDT - okex-swap/SOL-USDT-SWAP,-8,-0.03889697028226382
1038,gate-io/SOL_USDT - okex-swap/SOL-USDT-SWAP,-7,-0.014424239297616265
1039,gate-io/SOL_USDT - okex-swap/SOL-USDT-SWAP,-6,-0.005724711230638899
1040,gate-io/SOL_USDT - okex-swap/SOL-USDT-SWAP,-5,0.007538275732876694
1041,gate-io/SOL_USDT - okex-swap/SOL-USDT-SWAP,-4,0.010916398887138976
1042,gate-io/SOL_USDT - okex-swap/SOL-USDT-SWAP,-3,-0.00604013313415986
1043,gate-io/SOL_USDT - okex-swap/SOL-USDT-SWAP,-2,-0.002719872496793174
1044,gate-io/SOL_USDT - okex-swap/SOL-USDT-SWAP,-1,0.211673480207742
1045,gate-io/SOL_USDT - okex-swap/SOL-USDT-SWAP,0,0.7079513401063671
1046,gate-io/SOL_USDT - okex-swap/SOL-USDT-SWAP,1,0.1428252125225679
1047,gate-io/SOL_USDT - okex-swap/SOL-USDT-SWAP,2,-0.03840194267102186
1048,gate-io/SOL_USDT - okex-swap/SOL-USDT-SWAP,3,-0.011803273122654886
1049,gate-io/SOL_USDT - okex-swap/SOL-USDT-SWAP,4,0.003963243077151896
1050,gate-io/SOL_USDT - okex-swap/SOL-USDT-SWAP,5,-0.0006829727937444819
1051,gate-io/SOL_USDT - okex-swap/SOL-USDT-SWAP,6,-0.02887283882760822
1052,gate-io/SOL_USDT - okex-swap/SOL-USDT-SWAP,7,-0.008235826663093603
1053,gate-io/SOL_USDT - okex-swap/SOL-USDT-SWAP,8,-0.018892013965201397
1054,gate-io/SOL_USDT - okex-swap/SOL-USDT-SWAP,9,-0.016064662701836877
1055,gate-io/SOL_USDT - okex-swap/SOL-USDT-SWAP,10,0.005971274140472229
1056,gate-io/SOL_USDT - okex-swap/SOL-USDT-SWAP,11,0.011268620294122136
1057,gate-io/SOL_USDT - okex-swap/SOL-USDT-SWAP,12,-0.003305263336923354
1058,gate-io/SOL_USDT - okex-swap/SOL-USDT-SWAP,13,-0.010254364006433973
1059,gate-io/SOL_USDT - okex-swap/SOL-USDT-SWAP,14,0.005086677451859997
1060,gate-io/SOL_USDT - okex-swap/SOL-USDT-SWAP,15,0.033421450305026565
1061,gate-io/SOL_USDT - okex-swap/SOL-USDT-SWAP,16,0.012110645480663918
1062,gate-io/SOL_USDT - okex-swap/SOL-USDT-SWAP,17,0.0012930665015877792
1063,gate-io/SOL_USDT - okex-swap/SOL-USDT-SWAP,18,-0.0008684729676371477
1064,gate-io/SOL_USDT - okex-swap/SOL-USDT-SWAP,19,-0.011799853244716472
1065,gate-io/SOL_USDT - okex-swap/SOL-USDT-SWAP,20,0.010057366483402445
1066,gate-io/SOL_USDT - okex/SOL-USDT,-20,-0.0036896215497576605
1067,gate-io/SOL_USDT - okex/SOL-USDT,-19,-0.014730718639834741
1068,gate-io/SOL_USDT - okex/SOL-USDT,-18,-0.009952388567211755
1069,gate-io/SOL_USDT - okex/SOL-USDT,-17,-0.006217569816973266
1070,gate-io/SOL_USDT - okex/SOL-USDT,-16,0.014078676488878178
1071,gate-io/SOL_USDT - okex/SOL-USDT,-15,0.005429251369529543
1072,gate-io/SOL_USDT - okex/SOL-USDT,-14,0.008096113807815325
1073,gate-io/SOL_USDT - okex/SOL-USDT,-13,-0.0152020256228536
1074,gate-io/SOL_USDT - okex/SOL-USDT,-12,0.0007317147373424557
1075,gate-io/SOL_USDT - okex/SOL-USDT,-11,-0.0008393559795232045
1076,gate-io/SOL_USDT - okex/SOL-USDT,-10,0.00591559049376658
1077,gate-io/SOL_USDT - okex/SOL-USDT,-9,-0.020253066666928478
1078,gate-io/SOL_USDT - okex/SOL-USDT,-8,-0.029821851596236893
1079,gate-io/SOL_USDT - okex/SOL-USDT,-7,-0.006079080687212246
1080,gate-io/SOL_USDT - okex/SOL-USDT,-6,-0.012117265776855455
1081,gate-io/SOL_USDT - okex/SOL-USDT,-5,-0.00022011768949564537
1082,gate-io/SOL_USDT - okex/SOL-USDT,-4,0.012415145040734035
1083,gate-io/SOL_USDT - okex/SOL-USDT,-3,-0.005396825457162223
1084,gate-io/SOL_USDT - okex/SOL-USDT,-2,-0.02095194705301422
1085,gate-io/SOL_USDT - okex/SOL-USDT,-1,0.22343722100092223
1086,gate-io/SOL_USDT - okex/SOL-USDT,0,0.7874888626740196
1087,gate-io/SOL_USDT - okex/SOL-USDT,1,0.17745715590813455
1088,gate-io/SOL_USDT - okex/SOL-USDT,2,-0.03201727395479243
1089,gate-io/SOL_USDT - okex/SOL-USDT,3,-3.6468805257583166e-05
1090,gate-io/SOL_USDT - okex/SOL-USDT,4,0.013731040892716453
1091,gate-io/SOL_USDT - okex/SOL-USDT,5,0.009190677865649094
1092,gate-io/SOL_USDT - okex/SOL-USDT,6,-0.024541037546252992
1093,gate-io/SOL_USDT - okex/SOL-USDT,7,-0.01412249773507051
1094,gate-io/SOL_USDT - okex/SOL-USDT,8,-0.02488136899215117
1095,gate-io/SOL_USDT - okex/SOL-USDT,9,-0.011289442096263319
1096,gate-io/SOL_USDT - okex/SOL-USDT,10,0.0014370144084010791
1097,gate-io/SOL_USDT - okex/SOL-USDT,11,0.006274015792298612
1098,gate-io/SOL_USDT - okex/SOL-USDT,12,-0.004179051541510141
1099,gate-io/SOL_USDT - okex/SOL-USDT,13,-0.014139229757836649
1100,gate-io/SOL_USDT - okex/SOL-USDT,14,-0.0038113798987083653
1101,gate-io/SOL_USDT - okex/SOL-USDT,15,0.019857567777312565
1102,gate-io/SOL_USDT - okex/SOL-USDT,16,0.009351960653665219
1103,gate-io/SOL_USDT - okex/SOL-USDT,17,-0.004092228644241443
1104,gate-io/SOL_USDT - okex/SOL-USDT,18,-0.00894989142060962
1105,gate-io/SOL_USDT - okex/SOL-USDT,19,-0.01263162249613196
1106,gate-io/SOL_USDT - okex/SOL-USDT,20,-0.0030728900125031465
1107,okex-swap/SOL-USDT-SWAP - okex/SOL-USDT,-20,0.0026342002882406785
1108,okex-swap/SOL-USDT-SWAP - okex/SOL-USDT,-19,-0.002746050388266748
1109,okex-swap/SOL-USDT-SWAP - okex/SOL-USDT,-18,-0.0174277653214065
1110,okex-swap/SOL-USDT-SWAP - okex/SOL-USDT,-17,0.00011016681236678581
1111,okex-swap/SOL-USDT-SWAP - okex/SOL-USDT,-16,0.017051385726210695
1112,okex-swap/SOL-USDT-SWAP - okex/SOL-USDT,-15,0.031817659085869636
1113,okex-swap/SOL-USDT-SWAP - okex/SOL-USDT,-14,0.0038289386622622308
1114,okex-swap/SOL-USDT-SWAP - okex/SOL-USDT,-13,-0.012388313198698785
1115,okex-swap/SOL-USDT-SWAP - okex/SOL-USDT,-12,0.01123702500223787
1116,okex-swap/SOL-USDT-SWAP - okex/SOL-USDT,-11,0.0010466551314886638
1117,okex-swap/SOL-USDT-SWAP - okex/SOL-USDT,-10,0.01151863704391043
1118,okex-swap/SOL-USDT-SWAP - okex/SOL-USDT,-9,-0.010778359097585453
1119,okex-swap/SOL-USDT-SWAP - okex/SOL-USDT,-8,-0.030842748487574977
1120,okex-swap/SOL-USDT-SWAP - okex/SOL-USDT,-7,-0.0071313902531428205
1121,okex-swap/SOL-USDT-SWAP - okex/SOL-USDT,-6,-0.032391178659933906
1122,okex-swap/SOL-USDT-SWAP - okex/SOL-USDT,-5,0.006228901931212413
1123,okex-swap/SOL-USDT-SWAP - okex/SOL-USDT,-4,0.004657592973251819
1124,okex-swap/SOL-USDT-SWAP - okex/SOL-USDT,-3,-0.0114525414579373
1125,okex-swap/SOL-USDT-SWAP - okex/SOL-USDT,-2,-0.03935674033412598
1126,okex-swap/SOL-USDT-SWAP - okex/SOL-USDT,-1,0.15709103692025703
1127,okex-swap/SOL-USDT-SWAP - okex/SOL-USDT,0,0.8327213777818099
1128,okex-swap/SOL-USDT-SWAP - okex/SOL-USDT,1,0.20292810749918
1129,okex-swap/SOL-USDT-SWAP - okex/SOL-USDT,2,-0.011766037932207901
1130,okex-swap/SOL-USDT-SWAP - okex/SOL-USDT,3,-0.02033463347659591
1131,okex-swap/SOL-USDT-SWAP - okex/SOL-USDT,4,0.01811689193533967
1132,okex-swap/SOL-USDT-SWAP - okex/SOL-USDT,5,0.01839757469969215
1133,okex-swap/SOL-USDT-SWAP - okex/SOL-USDT,6,-0.020853770954721216
1134,okex-swap/SOL-USDT-SWAP - okex/SOL-USDT,7,-0.020695143841085357
1135,okex-swap/SOL-USDT-SWAP - okex/SOL-USDT,8,-0.036434383117396385
1136,okex-swap/SOL-USDT-SWAP - okex/SOL-USDT,9,-0.00951731059830939
1137,okex-swap/SOL-USDT-SWAP - okex/SOL-USDT,10,0.009867120765593401
1138,okex-swap/SOL-USDT-SWAP - okex/SOL-USDT,11,0.0009714693675712045
1139,okex-swap/SOL-USDT-SWAP - okex/SOL-USDT,12,0.0019992635590367273
1140,okex-swap/SOL-USDT-SWAP - okex/SOL-USDT,13,-0.010553693249655846
1141,okex-swap/SOL-USDT-SWAP - okex/SOL-USDT,14,0.006476265203642093
1142,okex-swap/SOL-USDT-SWAP - okex/SOL-USDT,15,0.0063019397215478695
1143,okex-swap/SOL-USDT-SWAP - okex/SOL-USDT,16,0.005850345022104615
1144,okex-swap/SOL-USDT-SWAP - okex/SOL-USDT,17,0.0025952715552573693
1145,okex-swap/SOL-USDT-SWAP - okex/SOL-USDT,18,0.0006474858983875576
1146,okex-swap/SOL-USDT-SWAP - okex/SOL-USDT,19,-0.008189957775114057
1147,okex-swap/SOL-USDT-SWAP - okex/SOL-USDT,20,-0.015029430605858736
